
c:/Users/mahav/Labs/Project/FinalProject/target/3.3.1/photon/FinalProject.elf:     file format elf32-littlearm

Sections:
Idx Name          Size      VMA       LMA       File off  Algn
  0 .module_info  00000018  080a0000  080a0000  00010000  2**0
                  CONTENTS, ALLOC, LOAD, READONLY, DATA
  1 .dynalib      00000004  080a0018  080a0018  00010018  2**2
                  CONTENTS, ALLOC, LOAD, READONLY, DATA
  2 .text         00001e90  080a0020  080a0020  00010020  2**3
                  CONTENTS, ALLOC, LOAD, READONLY, CODE
  3 .backup       00000004  40024000  080a1eb0  00014000  2**2
                  CONTENTS, ALLOC, LOAD, DATA
  4 .data         00000620  20000000  080a1eb4  00020000  2**2
                  CONTENTS, ALLOC, LOAD, DATA
  5 .bss          00000480  20000620  20000620  00030620  2**2
                  ALLOC
  6 .module_info_suffix 00000028  080a24d4  080a24d4  000224d4  2**0
                  CONTENTS, ALLOC, LOAD, READONLY, DATA
  7 .module_info_crc 00000004  080a24fc  080a24fc  000224fc  2**0
                  CONTENTS, ALLOC, LOAD, READONLY, DATA
  8 .debug_info   000b988a  00000000  00000000  00022500  2**0
                  CONTENTS, READONLY, DEBUGGING, OCTETS
  9 .debug_abbrev 00010076  00000000  00000000  000dbd8a  2**0
                  CONTENTS, READONLY, DEBUGGING, OCTETS
 10 .debug_loc    00019511  00000000  00000000  000ebe00  2**0
                  CONTENTS, READONLY, DEBUGGING, OCTETS
 11 .debug_aranges 00001fa8  00000000  00000000  00105311  2**0
                  CONTENTS, READONLY, DEBUGGING, OCTETS
 12 .debug_ranges 00004cd0  00000000  00000000  001072b9  2**0
                  CONTENTS, READONLY, DEBUGGING, OCTETS
 13 .debug_macro  00026ff0  00000000  00000000  0010bf89  2**0
                  CONTENTS, READONLY, DEBUGGING, OCTETS
 14 .debug_line   0002bbf4  00000000  00000000  00132f79  2**0
                  CONTENTS, READONLY, DEBUGGING, OCTETS
 15 .debug_str    000b79cf  00000000  00000000  0015eb6d  2**0
                  CONTENTS, READONLY, DEBUGGING, OCTETS
 16 .debug_frame  00005120  00000000  00000000  0021653c  2**2
                  CONTENTS, READONLY, DEBUGGING, OCTETS

Disassembly of section .text:

080a0020 <module_user_pre_init>:
/**
 * Initializes this user module. Returns the start of the heap.
 */
void* module_user_pre_init() {

    if ( (&link_global_data_start!=&link_global_data_initial_values) && (link_global_data_size != 0))
 80a0020:	4809      	ldr	r0, [pc, #36]	; (80a0048 <module_user_pre_init+0x28>)
 80a0022:	490a      	ldr	r1, [pc, #40]	; (80a004c <module_user_pre_init+0x2c>)
void* module_user_pre_init() {
 80a0024:	b508      	push	{r3, lr}
    if ( (&link_global_data_start!=&link_global_data_initial_values) && (link_global_data_size != 0))
 80a0026:	4288      	cmp	r0, r1
 80a0028:	d005      	beq.n	80a0036 <module_user_pre_init+0x16>
 80a002a:	4a09      	ldr	r2, [pc, #36]	; (80a0050 <module_user_pre_init+0x30>)
 80a002c:	4282      	cmp	r2, r0
 80a002e:	d002      	beq.n	80a0036 <module_user_pre_init+0x16>
    {
        memcpy(&link_global_data_start, &link_global_data_initial_values, link_global_data_size);
 80a0030:	1a12      	subs	r2, r2, r0
 80a0032:	f001 fd5d 	bl	80a1af0 <memcpy>
    }

    memset(&link_bss_location, 0, link_bss_size );
 80a0036:	4807      	ldr	r0, [pc, #28]	; (80a0054 <module_user_pre_init+0x34>)
 80a0038:	4a07      	ldr	r2, [pc, #28]	; (80a0058 <module_user_pre_init+0x38>)
 80a003a:	2100      	movs	r1, #0
 80a003c:	1a12      	subs	r2, r2, r0
 80a003e:	f001 fd65 	bl	80a1b0c <memset>
    return &link_heap_start;
}
 80a0042:	4806      	ldr	r0, [pc, #24]	; (80a005c <module_user_pre_init+0x3c>)
 80a0044:	bd08      	pop	{r3, pc}
 80a0046:	bf00      	nop
 80a0048:	20000000 	.word	0x20000000
 80a004c:	080a1eb4 	.word	0x080a1eb4
 80a0050:	20000620 	.word	0x20000620
 80a0054:	20000620 	.word	0x20000620
 80a0058:	20000a9d 	.word	0x20000a9d
 80a005c:	20000a9d 	.word	0x20000a9d

080a0060 <module_user_init>:
extern constructor_ptr_t link_constructors_location[];
extern constructor_ptr_t link_constructors_end;
#define link_constructors_size   ((unsigned long)&link_constructors_end  -  (unsigned long)&link_constructors_location )

void module_user_init()
{
 80a0060:	b570      	push	{r4, r5, r6, lr}
    module_user_init_hook();
 80a0062:	f000 fd47 	bl	80a0af4 <module_user_init_hook>

    // invoke constructors
    for (size_t ctor_num=0; ctor_num < link_constructors_size/sizeof(constructor_ptr_t); ctor_num++ )
 80a0066:	2500      	movs	r5, #0
 80a0068:	4e05      	ldr	r6, [pc, #20]	; (80a0080 <module_user_init+0x20>)
 80a006a:	4c06      	ldr	r4, [pc, #24]	; (80a0084 <module_user_init+0x24>)
 80a006c:	1ba4      	subs	r4, r4, r6
 80a006e:	08a4      	lsrs	r4, r4, #2
 80a0070:	42ac      	cmp	r4, r5
 80a0072:	d100      	bne.n	80a0076 <module_user_init+0x16>
    {
        link_constructors_location[ctor_num]();
    }
}
 80a0074:	bd70      	pop	{r4, r5, r6, pc}
        link_constructors_location[ctor_num]();
 80a0076:	f856 3b04 	ldr.w	r3, [r6], #4
 80a007a:	4798      	blx	r3
    for (size_t ctor_num=0; ctor_num < link_constructors_size/sizeof(constructor_ptr_t); ctor_num++ )
 80a007c:	3501      	adds	r5, #1
 80a007e:	e7f7      	b.n	80a0070 <module_user_init+0x10>
 80a0080:	080a1e90 	.word	0x080a1e90
 80a0084:	080a1eb0 	.word	0x080a1eb0

080a0088 <module_user_setup>:

/**
 * Export these functions with a fuller name so they don't clash with the setup/loop wrappers in the system module.
 */
void module_user_setup() {
    setup();
 80a0088:	f000 b852 	b.w	80a0130 <setup>

080a008c <module_user_loop>:
}

void module_user_loop() {
 80a008c:	b508      	push	{r3, lr}
    loop();
 80a008e:	f000 f88f 	bl	80a01b0 <loop>
    _post_loop();
}
 80a0092:	e8bd 4008 	ldmia.w	sp!, {r3, lr}
    _post_loop();
 80a0096:	f000 bce5 	b.w	80a0a64 <_post_loop>

080a009a <_Znaj>:
 80a009a:	f000 bb67 	b.w	80a076c <malloc>

080a009e <_ZdlPvj>:
	free(p);
}

void operator delete(void *p, size_t size)
{
	free(p);
 80a009e:	f000 bb6d 	b.w	80a077c <free>

080a00a2 <__cxa_guard_acquire>:

/* Provide default implemenation for __cxa_guard_acquire() and
 * __cxa_guard_release(). Note: these must be revisited if a multitasking
 * OS is ported to this platform. */
__extension__ typedef int __guard __attribute__((mode (__DI__)));
int __cxa_guard_acquire(__guard *g) {return !*(char *)(g);};
 80a00a2:	7800      	ldrb	r0, [r0, #0]
 80a00a4:	fab0 f080 	clz	r0, r0
 80a00a8:	0940      	lsrs	r0, r0, #5
 80a00aa:	4770      	bx	lr

080a00ac <__cxa_guard_release>:
void __cxa_guard_release (__guard *g) {*(char *)g = 1;};
 80a00ac:	2301      	movs	r3, #1
 80a00ae:	7003      	strb	r3, [r0, #0]
 80a00b0:	4770      	bx	lr

080a00b2 <_ZN10CloudClass22update_string_variableEPKc18Spark_Data_TypeDefPKvPv>:

    static const void* update_string_variable(const char* name, Spark_Data_TypeDef type, const void* var, void* reserved)
    {
        const String* s = (const String*)var;
        return s->c_str();
    }
 80a00b2:	6810      	ldr	r0, [r2, #0]
 80a00b4:	4770      	bx	lr
	...

080a00b8 <_Z7setSong6String>:
  

  
}
//this function gets called when the html website sends inputs
int setSong(String inputString) { //It gets the argument that it sent and sets the song.
 80a00b8:	b570      	push	{r4, r5, r6, lr}
	operator StringIfHelperType() const { return buffer ? &String::StringIfHelper : 0; }
	int compareTo(const String &s) const;
	unsigned char equals(const String &s) const;
	unsigned char equals(const char *cstr) const;
	unsigned char operator == (const String &rhs) const {return equals(rhs);}
	unsigned char operator == (const char *cstr) const {return equals(cstr);}
 80a00ba:	4917      	ldr	r1, [pc, #92]	; (80a0118 <_Z7setSong6String+0x60>)
 80a00bc:	4604      	mov	r4, r0
 80a00be:	f000 fc27 	bl	80a0910 <_ZNK6String6equalsEPKc>
  if (inputString == "Zelda") {
 80a00c2:	4605      	mov	r5, r0
 80a00c4:	b128      	cbz	r0, 80a00d2 <_Z7setSong6String+0x1a>
        mode = song0; //sets the mode to the zelda song
 80a00c6:	2000      	movs	r0, #0
 80a00c8:	4b14      	ldr	r3, [pc, #80]	; (80a011c <_Z7setSong6String+0x64>)
 80a00ca:	6018      	str	r0, [r3, #0]
        didItPlay = FALSE; //sets that the song hasn't played yet
 80a00cc:	4b14      	ldr	r3, [pc, #80]	; (80a0120 <_Z7setSong6String+0x68>)
 80a00ce:	7018      	strb	r0, [r3, #0]

        return 3;
    } else {
        return -1; //if the input was wrong, returns -1 for error
    }
}
 80a00d0:	bd70      	pop	{r4, r5, r6, pc}
 80a00d2:	4620      	mov	r0, r4
 80a00d4:	4913      	ldr	r1, [pc, #76]	; (80a0124 <_Z7setSong6String+0x6c>)
 80a00d6:	f000 fc1b 	bl	80a0910 <_ZNK6String6equalsEPKc>
    } else if (inputString == "Rick" ) {
 80a00da:	4606      	mov	r6, r0
 80a00dc:	b128      	cbz	r0, 80a00ea <_Z7setSong6String+0x32>
        mode = song1;
 80a00de:	2001      	movs	r0, #1
        mode = song3;
 80a00e0:	4b0e      	ldr	r3, [pc, #56]	; (80a011c <_Z7setSong6String+0x64>)
 80a00e2:	6018      	str	r0, [r3, #0]
        didItPlay = FALSE;
 80a00e4:	4b0e      	ldr	r3, [pc, #56]	; (80a0120 <_Z7setSong6String+0x68>)
 80a00e6:	701d      	strb	r5, [r3, #0]
        return 3;
 80a00e8:	e7f2      	b.n	80a00d0 <_Z7setSong6String+0x18>
 80a00ea:	4620      	mov	r0, r4
 80a00ec:	490e      	ldr	r1, [pc, #56]	; (80a0128 <_Z7setSong6String+0x70>)
 80a00ee:	f000 fc0f 	bl	80a0910 <_ZNK6String6equalsEPKc>
    } else if (inputString == "Shape") {
 80a00f2:	4605      	mov	r5, r0
 80a00f4:	b128      	cbz	r0, 80a0102 <_Z7setSong6String+0x4a>
        mode = song2;
 80a00f6:	2002      	movs	r0, #2
 80a00f8:	4b08      	ldr	r3, [pc, #32]	; (80a011c <_Z7setSong6String+0x64>)
 80a00fa:	6018      	str	r0, [r3, #0]
        didItPlay = FALSE;
 80a00fc:	4b08      	ldr	r3, [pc, #32]	; (80a0120 <_Z7setSong6String+0x68>)
 80a00fe:	701e      	strb	r6, [r3, #0]
        return 2;
 80a0100:	e7e6      	b.n	80a00d0 <_Z7setSong6String+0x18>
 80a0102:	4620      	mov	r0, r4
 80a0104:	4909      	ldr	r1, [pc, #36]	; (80a012c <_Z7setSong6String+0x74>)
 80a0106:	f000 fc03 	bl	80a0910 <_ZNK6String6equalsEPKc>
    } else if (inputString == "Like"){
 80a010a:	b108      	cbz	r0, 80a0110 <_Z7setSong6String+0x58>
        mode = song3;
 80a010c:	2003      	movs	r0, #3
 80a010e:	e7e7      	b.n	80a00e0 <_Z7setSong6String+0x28>
        return -1; //if the input was wrong, returns -1 for error
 80a0110:	f04f 30ff 	mov.w	r0, #4294967295
 80a0114:	e7dc      	b.n	80a00d0 <_Z7setSong6String+0x18>
 80a0116:	bf00      	nop
 80a0118:	080a1c80 	.word	0x080a1c80
 80a011c:	20000250 	.word	0x20000250
 80a0120:	20000624 	.word	0x20000624
 80a0124:	080a1c86 	.word	0x080a1c86
 80a0128:	080a1c8b 	.word	0x080a1c8b
 80a012c:	080a1c91 	.word	0x080a1c91

080a0130 <setup>:
void setup() {
 80a0130:	b51f      	push	{r0, r1, r2, r3, r4, lr}
    pinMode(ButtonPINRED, INPUT_PULLDOWN); //sets all of the ButtonPIN's to have an input pulldown meaning that when the button isn't pressed it grounds the circuit.
 80a0132:	4b15      	ldr	r3, [pc, #84]	; (80a0188 <setup+0x58>)
 80a0134:	2103      	movs	r1, #3
 80a0136:	8818      	ldrh	r0, [r3, #0]
 80a0138:	f001 f82e 	bl	80a1198 <pinMode>
    pinMode(ButtonPINYELLOW, INPUT_PULLDOWN);
 80a013c:	4b13      	ldr	r3, [pc, #76]	; (80a018c <setup+0x5c>)
 80a013e:	2103      	movs	r1, #3
 80a0140:	8818      	ldrh	r0, [r3, #0]
 80a0142:	f001 f829 	bl	80a1198 <pinMode>
    pinMode(ButtonPINGREEN, INPUT_PULLDOWN);
 80a0146:	4b12      	ldr	r3, [pc, #72]	; (80a0190 <setup+0x60>)
 80a0148:	2103      	movs	r1, #3
 80a014a:	8818      	ldrh	r0, [r3, #0]
 80a014c:	f001 f824 	bl	80a1198 <pinMode>
    pinMode(ButtonPINBLUE, INPUT_PULLDOWN);
 80a0150:	4b10      	ldr	r3, [pc, #64]	; (80a0194 <setup+0x64>)
 80a0152:	2103      	movs	r1, #3
 80a0154:	8818      	ldrh	r0, [r3, #0]
 80a0156:	f001 f81f 	bl	80a1198 <pinMode>
        spark_variable_t extra = {};
 80a015a:	2300      	movs	r3, #0
 80a015c:	9301      	str	r3, [sp, #4]
 80a015e:	9303      	str	r3, [sp, #12]
        extra.size = sizeof(extra);
 80a0160:	230c      	movs	r3, #12
 80a0162:	f8ad 3004 	strh.w	r3, [sp, #4]
        extra.update = update_string_variable;
 80a0166:	4b0c      	ldr	r3, [pc, #48]	; (80a0198 <setup+0x68>)
        return spark_variable(varKey, userVar, CloudVariableTypeString::TYPE_ID, &extra);
 80a0168:	2204      	movs	r2, #4
        extra.update = update_string_variable;
 80a016a:	9302      	str	r3, [sp, #8]
        return spark_variable(varKey, userVar, CloudVariableTypeString::TYPE_ID, &extra);
 80a016c:	490b      	ldr	r1, [pc, #44]	; (80a019c <setup+0x6c>)
 80a016e:	ab01      	add	r3, sp, #4
 80a0170:	480b      	ldr	r0, [pc, #44]	; (80a01a0 <setup+0x70>)
 80a0172:	f000 fae3 	bl	80a073c <spark_variable>
        return register_function(call_raw_user_function, (void*)func, funcKey);
 80a0176:	4a0b      	ldr	r2, [pc, #44]	; (80a01a4 <setup+0x74>)
 80a0178:	490b      	ldr	r1, [pc, #44]	; (80a01a8 <setup+0x78>)
 80a017a:	480c      	ldr	r0, [pc, #48]	; (80a01ac <setup+0x7c>)
}
 80a017c:	b005      	add	sp, #20
 80a017e:	f85d eb04 	ldr.w	lr, [sp], #4
 80a0182:	f000 bcff 	b.w	80a0b84 <_ZN10CloudClass17register_functionEPFiPvPKcS0_ES0_S2_>
 80a0186:	bf00      	nop
 80a0188:	20000008 	.word	0x20000008
 80a018c:	2000000c 	.word	0x2000000c
 80a0190:	20000004 	.word	0x20000004
 80a0194:	20000000 	.word	0x20000000
 80a0198:	080a00b3 	.word	0x080a00b3
 80a019c:	2000062c 	.word	0x2000062c
 80a01a0:	080a1c96 	.word	0x080a1c96
 80a01a4:	080a1ca8 	.word	0x080a1ca8
 80a01a8:	080a00b9 	.word	0x080a00b9
 80a01ac:	080a0b59 	.word	0x080a0b59

080a01b0 <loop>:
void loop() {
 80a01b0:	e92d 4ff8 	stmdb	sp!, {r3, r4, r5, r6, r7, r8, r9, sl, fp, lr}
     ButtonRed = digitalRead(ButtonPINRED); //sets the variable state to whatever state the button is in. False if not pressed, true if pressed
 80a01b4:	4b7a      	ldr	r3, [pc, #488]	; (80a03a0 <loop+0x1f0>)
 80a01b6:	4c7b      	ldr	r4, [pc, #492]	; (80a03a4 <loop+0x1f4>)
 80a01b8:	8818      	ldrh	r0, [r3, #0]
 80a01ba:	f000 fffe 	bl	80a11ba <digitalRead>
 80a01be:	3800      	subs	r0, #0
 80a01c0:	bf18      	it	ne
 80a01c2:	2001      	movne	r0, #1
     ButtonGreen = digitalRead(ButtonPINGREEN);
 80a01c4:	4b78      	ldr	r3, [pc, #480]	; (80a03a8 <loop+0x1f8>)
     ButtonRed = digitalRead(ButtonPINRED); //sets the variable state to whatever state the button is in. False if not pressed, true if pressed
 80a01c6:	7020      	strb	r0, [r4, #0]
     ButtonGreen = digitalRead(ButtonPINGREEN);
 80a01c8:	8818      	ldrh	r0, [r3, #0]
 80a01ca:	f000 fff6 	bl	80a11ba <digitalRead>
 80a01ce:	3800      	subs	r0, #0
 80a01d0:	bf18      	it	ne
 80a01d2:	2001      	movne	r0, #1
     ButtonYellow = digitalRead(ButtonPINYELLOW);
 80a01d4:	4b75      	ldr	r3, [pc, #468]	; (80a03ac <loop+0x1fc>)
     ButtonGreen = digitalRead(ButtonPINGREEN);
 80a01d6:	4d76      	ldr	r5, [pc, #472]	; (80a03b0 <loop+0x200>)
     ButtonYellow = digitalRead(ButtonPINYELLOW);
 80a01d8:	4f76      	ldr	r7, [pc, #472]	; (80a03b4 <loop+0x204>)
     ButtonGreen = digitalRead(ButtonPINGREEN);
 80a01da:	7028      	strb	r0, [r5, #0]
     ButtonYellow = digitalRead(ButtonPINYELLOW);
 80a01dc:	8818      	ldrh	r0, [r3, #0]
 80a01de:	f000 ffec 	bl	80a11ba <digitalRead>
 80a01e2:	3800      	subs	r0, #0
 80a01e4:	bf18      	it	ne
 80a01e6:	2001      	movne	r0, #1
     ButtonBlue = digitalRead(ButtonPINBLUE);
 80a01e8:	4b73      	ldr	r3, [pc, #460]	; (80a03b8 <loop+0x208>)
     ButtonYellow = digitalRead(ButtonPINYELLOW);
 80a01ea:	7038      	strb	r0, [r7, #0]
     ButtonBlue = digitalRead(ButtonPINBLUE);
 80a01ec:	8818      	ldrh	r0, [r3, #0]
 80a01ee:	f000 ffe4 	bl	80a11ba <digitalRead>
 80a01f2:	3800      	subs	r0, #0
 80a01f4:	bf18      	it	ne
 80a01f6:	2001      	movne	r0, #1
 80a01f8:	4e70      	ldr	r6, [pc, #448]	; (80a03bc <loop+0x20c>)
      if(ButtonYellow == HIGH){ //if statements to see if the button is pressed
 80a01fa:	783b      	ldrb	r3, [r7, #0]
     ButtonBlue = digitalRead(ButtonPINBLUE);
 80a01fc:	7030      	strb	r0, [r6, #0]
      if(ButtonYellow == HIGH){ //if statements to see if the button is pressed
 80a01fe:	b11b      	cbz	r3, 80a0208 <loop+0x58>
        wantSong = "Shape"; //sets the wanted song to the pressed button
 80a0200:	496f      	ldr	r1, [pc, #444]	; (80a03c0 <loop+0x210>)
 80a0202:	4870      	ldr	r0, [pc, #448]	; (80a03c4 <loop+0x214>)
 80a0204:	f000 fb73 	bl	80a08ee <_ZN6StringaSEPKc>
      if (ButtonRed == HIGH){
 80a0208:	7823      	ldrb	r3, [r4, #0]
 80a020a:	b11b      	cbz	r3, 80a0214 <loop+0x64>
        wantSong = "Zelda";
 80a020c:	496e      	ldr	r1, [pc, #440]	; (80a03c8 <loop+0x218>)
 80a020e:	486d      	ldr	r0, [pc, #436]	; (80a03c4 <loop+0x214>)
 80a0210:	f000 fb6d 	bl	80a08ee <_ZN6StringaSEPKc>
      if (ButtonGreen == HIGH){
 80a0214:	782b      	ldrb	r3, [r5, #0]
 80a0216:	b11b      	cbz	r3, 80a0220 <loop+0x70>
        wantSong = "Rick";
 80a0218:	496c      	ldr	r1, [pc, #432]	; (80a03cc <loop+0x21c>)
 80a021a:	486a      	ldr	r0, [pc, #424]	; (80a03c4 <loop+0x214>)
 80a021c:	f000 fb67 	bl	80a08ee <_ZN6StringaSEPKc>
      if (ButtonBlue == HIGH){
 80a0220:	7833      	ldrb	r3, [r6, #0]
 80a0222:	b11b      	cbz	r3, 80a022c <loop+0x7c>
        wantSong = "Like";
 80a0224:	496a      	ldr	r1, [pc, #424]	; (80a03d0 <loop+0x220>)
 80a0226:	4867      	ldr	r0, [pc, #412]	; (80a03c4 <loop+0x214>)
 80a0228:	f000 fb61 	bl	80a08ee <_ZN6StringaSEPKc>
    if (mode == song0 && didItPlay == FALSE){
 80a022c:	4b69      	ldr	r3, [pc, #420]	; (80a03d4 <loop+0x224>)
 80a022e:	681b      	ldr	r3, [r3, #0]
 80a0230:	bb63      	cbnz	r3, 80a028c <loop+0xdc>
 80a0232:	4b69      	ldr	r3, [pc, #420]	; (80a03d8 <loop+0x228>)
 80a0234:	781c      	ldrb	r4, [r3, #0]
 80a0236:	bb3c      	cbnz	r4, 80a0288 <loop+0xd8>
    int pauseBetweenNotes = noteDuration * 1.30;
 80a0238:	f20f 195c 	addw	r9, pc, #348	; 0x15c
 80a023c:	e9d9 8900 	ldrd	r8, r9, [r9]
    int noteDuration = 1500/zeldaDurations[thisNote];
 80a0240:	f240 5bdc 	movw	fp, #1500	; 0x5dc
 80a0244:	f8df a194 	ldr.w	sl, [pc, #404]	; 80a03dc <loop+0x22c>
 80a0248:	4f65      	ldr	r7, [pc, #404]	; (80a03e0 <loop+0x230>)
    tone(speakerPIN, zelda[thisNote],noteDuration);
 80a024a:	4e66      	ldr	r6, [pc, #408]	; (80a03e4 <loop+0x234>)
    int noteDuration = 1500/zeldaDurations[thisNote];
 80a024c:	f85a 5b04 	ldr.w	r5, [sl], #4
    tone(speakerPIN, zelda[thisNote],noteDuration);
 80a0250:	f857 1b04 	ldr.w	r1, [r7], #4
    int noteDuration = 1500/zeldaDurations[thisNote];
 80a0254:	fb9b f5f5 	sdiv	r5, fp, r5
    tone(speakerPIN, zelda[thisNote],noteDuration);
 80a0258:	7830      	ldrb	r0, [r6, #0]
 80a025a:	462a      	mov	r2, r5
 80a025c:	f000 fdcc 	bl	80a0df8 <tone>
    int pauseBetweenNotes = noteDuration * 1.30;
 80a0260:	4628      	mov	r0, r5
 80a0262:	f001 f99b 	bl	80a159c <__aeabi_i2d>
 80a0266:	4642      	mov	r2, r8
 80a0268:	464b      	mov	r3, r9
 80a026a:	f001 fa01 	bl	80a1670 <__aeabi_dmul>
 80a026e:	f001 fc11 	bl	80a1a94 <__aeabi_d2iz>
    delay(pauseBetweenNotes);
 80a0272:	f000 fbb7 	bl	80a09e4 <delay>
    for (unsigned int thisNote = 0; thisNote < arraySize(zelda); thisNote++) {
 80a0276:	3401      	adds	r4, #1
    noTone(speakerPIN);
 80a0278:	7830      	ldrb	r0, [r6, #0]
 80a027a:	f000 fdd4 	bl	80a0e26 <noTone>
    for (unsigned int thisNote = 0; thisNote < arraySize(zelda); thisNote++) {
 80a027e:	2c12      	cmp	r4, #18
 80a0280:	d1e4      	bne.n	80a024c <loop+0x9c>
    didItPlay = TRUE; //sets the song to played already so it only loops once.
 80a0282:	2201      	movs	r2, #1
 80a0284:	4b54      	ldr	r3, [pc, #336]	; (80a03d8 <loop+0x228>)
 80a0286:	701a      	strb	r2, [r3, #0]
}
 80a0288:	e8bd 8ff8 	ldmia.w	sp!, {r3, r4, r5, r6, r7, r8, r9, sl, fp, pc}
  } else if (mode == song1 && didItPlay == FALSE){
 80a028c:	2b01      	cmp	r3, #1
 80a028e:	d129      	bne.n	80a02e4 <loop+0x134>
 80a0290:	4b51      	ldr	r3, [pc, #324]	; (80a03d8 <loop+0x228>)
 80a0292:	781c      	ldrb	r4, [r3, #0]
 80a0294:	2c00      	cmp	r4, #0
 80a0296:	d1f7      	bne.n	80a0288 <loop+0xd8>
    int pauseBetweenNotes = noteDuration * 1.30;
 80a0298:	f20f 09fc 	addw	r9, pc, #252	; 0xfc
 80a029c:	e9d9 8900 	ldrd	r8, r9, [r9]
    int noteDuration = 1500/rickDuration[thisNote];
 80a02a0:	f240 5bdc 	movw	fp, #1500	; 0x5dc
 80a02a4:	f8df a140 	ldr.w	sl, [pc, #320]	; 80a03e8 <loop+0x238>
 80a02a8:	4f50      	ldr	r7, [pc, #320]	; (80a03ec <loop+0x23c>)
    tone(speakerPIN, rick[thisNote],noteDuration);
 80a02aa:	4e4e      	ldr	r6, [pc, #312]	; (80a03e4 <loop+0x234>)
    int noteDuration = 1500/rickDuration[thisNote];
 80a02ac:	f85a 5b04 	ldr.w	r5, [sl], #4
    tone(speakerPIN, rick[thisNote],noteDuration);
 80a02b0:	f857 1b04 	ldr.w	r1, [r7], #4
    int noteDuration = 1500/rickDuration[thisNote];
 80a02b4:	fb9b f5f5 	sdiv	r5, fp, r5
    tone(speakerPIN, rick[thisNote],noteDuration);
 80a02b8:	7830      	ldrb	r0, [r6, #0]
 80a02ba:	462a      	mov	r2, r5
 80a02bc:	f000 fd9c 	bl	80a0df8 <tone>
    int pauseBetweenNotes = noteDuration * 1.30;
 80a02c0:	4628      	mov	r0, r5
 80a02c2:	f001 f96b 	bl	80a159c <__aeabi_i2d>
 80a02c6:	4642      	mov	r2, r8
 80a02c8:	464b      	mov	r3, r9
 80a02ca:	f001 f9d1 	bl	80a1670 <__aeabi_dmul>
 80a02ce:	f001 fbe1 	bl	80a1a94 <__aeabi_d2iz>
    delay(pauseBetweenNotes);
 80a02d2:	f000 fb87 	bl	80a09e4 <delay>
    for (unsigned int thisNote = 0; thisNote < arraySize(rick); thisNote++) {
 80a02d6:	3401      	adds	r4, #1
    noTone(speakerPIN);
 80a02d8:	7830      	ldrb	r0, [r6, #0]
 80a02da:	f000 fda4 	bl	80a0e26 <noTone>
    for (unsigned int thisNote = 0; thisNote < arraySize(rick); thisNote++) {
 80a02de:	2c2e      	cmp	r4, #46	; 0x2e
 80a02e0:	d1e4      	bne.n	80a02ac <loop+0xfc>
 80a02e2:	e7ce      	b.n	80a0282 <loop+0xd2>
  } else if (mode == song2 && didItPlay == FALSE){
 80a02e4:	2b02      	cmp	r3, #2
 80a02e6:	d129      	bne.n	80a033c <loop+0x18c>
 80a02e8:	4b3b      	ldr	r3, [pc, #236]	; (80a03d8 <loop+0x228>)
 80a02ea:	781c      	ldrb	r4, [r3, #0]
 80a02ec:	2c00      	cmp	r4, #0
 80a02ee:	d1cb      	bne.n	80a0288 <loop+0xd8>
    int pauseBetweenNotes = noteDuration * 1.30;
 80a02f0:	f20f 09a4 	addw	r9, pc, #164	; 0xa4
 80a02f4:	e9d9 8900 	ldrd	r8, r9, [r9]
    int noteDuration = 1000/shapeDuration[thisNote];
 80a02f8:	f44f 7b7a 	mov.w	fp, #1000	; 0x3e8
 80a02fc:	f8df a0f0 	ldr.w	sl, [pc, #240]	; 80a03f0 <loop+0x240>
 80a0300:	4f3c      	ldr	r7, [pc, #240]	; (80a03f4 <loop+0x244>)
    tone(speakerPIN, shape[thisNote],noteDuration);
 80a0302:	4e38      	ldr	r6, [pc, #224]	; (80a03e4 <loop+0x234>)
    int noteDuration = 1000/shapeDuration[thisNote];
 80a0304:	f85a 5b04 	ldr.w	r5, [sl], #4
    tone(speakerPIN, shape[thisNote],noteDuration);
 80a0308:	f857 1b04 	ldr.w	r1, [r7], #4
    int noteDuration = 1000/shapeDuration[thisNote];
 80a030c:	fb9b f5f5 	sdiv	r5, fp, r5
    tone(speakerPIN, shape[thisNote],noteDuration);
 80a0310:	7830      	ldrb	r0, [r6, #0]
 80a0312:	462a      	mov	r2, r5
 80a0314:	f000 fd70 	bl	80a0df8 <tone>
    int pauseBetweenNotes = noteDuration * 1.30;
 80a0318:	4628      	mov	r0, r5
 80a031a:	f001 f93f 	bl	80a159c <__aeabi_i2d>
 80a031e:	4642      	mov	r2, r8
 80a0320:	464b      	mov	r3, r9
 80a0322:	f001 f9a5 	bl	80a1670 <__aeabi_dmul>
 80a0326:	f001 fbb5 	bl	80a1a94 <__aeabi_d2iz>
    delay(pauseBetweenNotes);
 80a032a:	f000 fb5b 	bl	80a09e4 <delay>
    for (unsigned int thisNote = 0; thisNote < arraySize(shape); thisNote++) {
 80a032e:	3401      	adds	r4, #1
    noTone(speakerPIN);
 80a0330:	7830      	ldrb	r0, [r6, #0]
 80a0332:	f000 fd78 	bl	80a0e26 <noTone>
    for (unsigned int thisNote = 0; thisNote < arraySize(shape); thisNote++) {
 80a0336:	2c2c      	cmp	r4, #44	; 0x2c
 80a0338:	d1e4      	bne.n	80a0304 <loop+0x154>
 80a033a:	e7a2      	b.n	80a0282 <loop+0xd2>
  } else if (mode == song3 && didItPlay == FALSE){
 80a033c:	2b03      	cmp	r3, #3
 80a033e:	d1a3      	bne.n	80a0288 <loop+0xd8>
 80a0340:	4b25      	ldr	r3, [pc, #148]	; (80a03d8 <loop+0x228>)
 80a0342:	781c      	ldrb	r4, [r3, #0]
 80a0344:	2c00      	cmp	r4, #0
 80a0346:	d19f      	bne.n	80a0288 <loop+0xd8>
    int pauseBetweenNotes = noteDuration * 1.30;
 80a0348:	f20f 094c 	addw	r9, pc, #76	; 0x4c
 80a034c:	e9d9 8900 	ldrd	r8, r9, [r9]
    int noteDuration = 1500/likeDuration[thisNote];
 80a0350:	f240 5bdc 	movw	fp, #1500	; 0x5dc
 80a0354:	f8df a0a0 	ldr.w	sl, [pc, #160]	; 80a03f8 <loop+0x248>
 80a0358:	4f28      	ldr	r7, [pc, #160]	; (80a03fc <loop+0x24c>)
    tone(speakerPIN, like[thisNote],noteDuration);
 80a035a:	4e22      	ldr	r6, [pc, #136]	; (80a03e4 <loop+0x234>)
    int noteDuration = 1500/likeDuration[thisNote];
 80a035c:	f85a 5b04 	ldr.w	r5, [sl], #4
    tone(speakerPIN, like[thisNote],noteDuration);
 80a0360:	f857 1b04 	ldr.w	r1, [r7], #4
    int noteDuration = 1500/likeDuration[thisNote];
 80a0364:	fb9b f5f5 	sdiv	r5, fp, r5
    tone(speakerPIN, like[thisNote],noteDuration);
 80a0368:	7830      	ldrb	r0, [r6, #0]
 80a036a:	462a      	mov	r2, r5
 80a036c:	f000 fd44 	bl	80a0df8 <tone>
    int pauseBetweenNotes = noteDuration * 1.30;
 80a0370:	4628      	mov	r0, r5
 80a0372:	f001 f913 	bl	80a159c <__aeabi_i2d>
 80a0376:	4642      	mov	r2, r8
 80a0378:	464b      	mov	r3, r9
 80a037a:	f001 f979 	bl	80a1670 <__aeabi_dmul>
 80a037e:	f001 fb89 	bl	80a1a94 <__aeabi_d2iz>
    delay(pauseBetweenNotes);
 80a0382:	f000 fb2f 	bl	80a09e4 <delay>
    for (unsigned int thisNote = 0; thisNote < arraySize(like); thisNote++) {
 80a0386:	3401      	adds	r4, #1
    noTone(speakerPIN);
 80a0388:	7830      	ldrb	r0, [r6, #0]
 80a038a:	f000 fd4c 	bl	80a0e26 <noTone>
    for (unsigned int thisNote = 0; thisNote < arraySize(like); thisNote++) {
 80a038e:	2c48      	cmp	r4, #72	; 0x48
 80a0390:	d1e4      	bne.n	80a035c <loop+0x1ac>
 80a0392:	e776      	b.n	80a0282 <loop+0xd2>
 80a0394:	f3af 8000 	nop.w
 80a0398:	cccccccd 	.word	0xcccccccd
 80a039c:	3ff4cccc 	.word	0x3ff4cccc
 80a03a0:	20000008 	.word	0x20000008
 80a03a4:	20000622 	.word	0x20000622
 80a03a8:	20000004 	.word	0x20000004
 80a03ac:	2000000c 	.word	0x2000000c
 80a03b0:	20000621 	.word	0x20000621
 80a03b4:	20000623 	.word	0x20000623
 80a03b8:	20000000 	.word	0x20000000
 80a03bc:	20000620 	.word	0x20000620
 80a03c0:	080a1c8b 	.word	0x080a1c8b
 80a03c4:	2000062c 	.word	0x2000062c
 80a03c8:	080a1c80 	.word	0x080a1c80
 80a03cc:	080a1c86 	.word	0x080a1c86
 80a03d0:	080a1c91 	.word	0x080a1c91
 80a03d4:	20000250 	.word	0x20000250
 80a03d8:	20000624 	.word	0x20000624
 80a03dc:	2000056c 	.word	0x2000056c
 80a03e0:	20000524 	.word	0x20000524
 80a03e4:	20000628 	.word	0x20000628
 80a03e8:	2000030c 	.word	0x2000030c
 80a03ec:	20000254 	.word	0x20000254
 80a03f0:	20000474 	.word	0x20000474
 80a03f4:	200003c4 	.word	0x200003c4
 80a03f8:	20000130 	.word	0x20000130
 80a03fc:	20000010 	.word	0x20000010

080a0400 <_GLOBAL__sub_I_ButtonPINRED>:
String wantSong = "No song selected"; //starts with no song selected
 80a0400:	4901      	ldr	r1, [pc, #4]	; (80a0408 <_GLOBAL__sub_I_ButtonPINRED+0x8>)
 80a0402:	4802      	ldr	r0, [pc, #8]	; (80a040c <_GLOBAL__sub_I_ButtonPINRED+0xc>)
 80a0404:	f000 ba46 	b.w	80a0894 <_ZN6StringC1EPK19__FlashStringHelper>
 80a0408:	080a1cb3 	.word	0x080a1cb3
 80a040c:	2000062c 	.word	0x2000062c

080a0410 <HAL_Validate_Pin_Function>:
// GNINRAW

DYNALIB_BEGIN(hal_gpio)

DYNALIB_FN(0, hal_gpio, HAL_Pin_Map, Hal_Pin_Info*(void))
DYNALIB_FN(1, hal_gpio, HAL_Validate_Pin_Function, PinFunction(pin_t, PinFunction))
 80a0410:	b508      	push	{r3, lr}
 80a0412:	4b02      	ldr	r3, [pc, #8]	; (80a041c <HAL_Validate_Pin_Function+0xc>)
 80a0414:	681b      	ldr	r3, [r3, #0]
 80a0416:	685b      	ldr	r3, [r3, #4]
 80a0418:	9301      	str	r3, [sp, #4]
 80a041a:	bd08      	pop	{r3, pc}
 80a041c:	080601b0 	.word	0x080601b0

080a0420 <HAL_Pin_Mode>:
DYNALIB_FN(2, hal_gpio, HAL_Pin_Mode, void(pin_t, PinMode))
 80a0420:	b508      	push	{r3, lr}
 80a0422:	4b02      	ldr	r3, [pc, #8]	; (80a042c <HAL_Pin_Mode+0xc>)
 80a0424:	681b      	ldr	r3, [r3, #0]
 80a0426:	689b      	ldr	r3, [r3, #8]
 80a0428:	9301      	str	r3, [sp, #4]
 80a042a:	bd08      	pop	{r3, pc}
 80a042c:	080601b0 	.word	0x080601b0

080a0430 <HAL_Get_Pin_Mode>:
DYNALIB_FN(3, hal_gpio, HAL_Get_Pin_Mode, PinMode(pin_t))
 80a0430:	b508      	push	{r3, lr}
 80a0432:	4b02      	ldr	r3, [pc, #8]	; (80a043c <HAL_Get_Pin_Mode+0xc>)
 80a0434:	681b      	ldr	r3, [r3, #0]
 80a0436:	68db      	ldr	r3, [r3, #12]
 80a0438:	9301      	str	r3, [sp, #4]
 80a043a:	bd08      	pop	{r3, pc}
 80a043c:	080601b0 	.word	0x080601b0

080a0440 <HAL_GPIO_Read>:
DYNALIB_FN(4, hal_gpio, HAL_GPIO_Write, void(pin_t, uint8_t))
DYNALIB_FN(5, hal_gpio, HAL_GPIO_Read, int32_t(pin_t))
 80a0440:	b508      	push	{r3, lr}
 80a0442:	4b02      	ldr	r3, [pc, #8]	; (80a044c <HAL_GPIO_Read+0xc>)
 80a0444:	681b      	ldr	r3, [r3, #0]
 80a0446:	695b      	ldr	r3, [r3, #20]
 80a0448:	9301      	str	r3, [sp, #4]
 80a044a:	bd08      	pop	{r3, pc}
 80a044c:	080601b0 	.word	0x080601b0

080a0450 <HAL_RNG_GetRandomNumber>:

DYNALIB_BEGIN(hal)

#if PLATFORM_ID > 3
DYNALIB_FN(0, hal, HAL_RNG_Configuration, void(void))
DYNALIB_FN(1, hal, HAL_RNG_GetRandomNumber, uint32_t(void))
 80a0450:	b508      	push	{r3, lr}
 80a0452:	4b02      	ldr	r3, [pc, #8]	; (80a045c <HAL_RNG_GetRandomNumber+0xc>)
 80a0454:	681b      	ldr	r3, [r3, #0]
 80a0456:	685b      	ldr	r3, [r3, #4]
 80a0458:	9301      	str	r3, [sp, #4]
 80a045a:	bd08      	pop	{r3, pc}
 80a045c:	0806019c 	.word	0x0806019c

080a0460 <HAL_Timer_Get_Milli_Seconds>:
#endif

DYNALIB_FN(BASE_IDX + 0, hal, HAL_Delay_Milliseconds, void(uint32_t))
DYNALIB_FN(BASE_IDX + 1, hal, HAL_Delay_Microseconds, void(uint32_t))
DYNALIB_FN(BASE_IDX + 2, hal, HAL_Timer_Get_Micro_Seconds, system_tick_t(void))
DYNALIB_FN(BASE_IDX + 3, hal, HAL_Timer_Get_Milli_Seconds, system_tick_t(void))
 80a0460:	b508      	push	{r3, lr}
 80a0462:	4b02      	ldr	r3, [pc, #8]	; (80a046c <HAL_Timer_Get_Milli_Seconds+0xc>)
 80a0464:	681b      	ldr	r3, [r3, #0]
 80a0466:	695b      	ldr	r3, [r3, #20]
 80a0468:	9301      	str	r3, [sp, #4]
 80a046a:	bd08      	pop	{r3, pc}
 80a046c:	0806019c 	.word	0x0806019c

080a0470 <os_mutex_recursive_create>:
DYNALIB_FN(13, hal_concurrent, os_mutex_destroy, int(os_mutex_t))
DYNALIB_FN(14, hal_concurrent, os_mutex_lock, int(os_mutex_t))
DYNALIB_FN(15, hal_concurrent, os_mutex_trylock, int(os_mutex_t))
DYNALIB_FN(16, hal_concurrent, os_mutex_unlock, int(os_mutex_t))

DYNALIB_FN(17, hal_concurrent, os_mutex_recursive_create, int(os_mutex_recursive_t*))
 80a0470:	b508      	push	{r3, lr}
 80a0472:	4b02      	ldr	r3, [pc, #8]	; (80a047c <os_mutex_recursive_create+0xc>)
 80a0474:	681b      	ldr	r3, [r3, #0]
 80a0476:	6c5b      	ldr	r3, [r3, #68]	; 0x44
 80a0478:	9301      	str	r3, [sp, #4]
 80a047a:	bd08      	pop	{r3, pc}
 80a047c:	080601d0 	.word	0x080601d0

080a0480 <os_mutex_recursive_destroy>:
DYNALIB_FN(18, hal_concurrent, os_mutex_recursive_destroy, int(os_mutex_recursive_t))
 80a0480:	b508      	push	{r3, lr}
 80a0482:	4b02      	ldr	r3, [pc, #8]	; (80a048c <os_mutex_recursive_destroy+0xc>)
 80a0484:	681b      	ldr	r3, [r3, #0]
 80a0486:	6c9b      	ldr	r3, [r3, #72]	; 0x48
 80a0488:	9301      	str	r3, [sp, #4]
 80a048a:	bd08      	pop	{r3, pc}
 80a048c:	080601d0 	.word	0x080601d0

080a0490 <hal_usart_write>:
#endif

DYNALIB_FN(BASE_IDX + 0, hal_usart, hal_usart_init, void(hal_usart_interface_t, hal_usart_ring_buffer_t*, hal_usart_ring_buffer_t*))
DYNALIB_FN(BASE_IDX + 1, hal_usart, hal_usart_begin, void(hal_usart_interface_t, uint32_t))
DYNALIB_FN(BASE_IDX + 2, hal_usart, hal_usart_end, void(hal_usart_interface_t))
DYNALIB_FN(BASE_IDX + 3, hal_usart, hal_usart_write, uint32_t(hal_usart_interface_t, uint8_t))
 80a0490:	b508      	push	{r3, lr}
 80a0492:	4b02      	ldr	r3, [pc, #8]	; (80a049c <hal_usart_write+0xc>)
 80a0494:	681b      	ldr	r3, [r3, #0]
 80a0496:	6a5b      	ldr	r3, [r3, #36]	; 0x24
 80a0498:	9301      	str	r3, [sp, #4]
 80a049a:	bd08      	pop	{r3, pc}
 80a049c:	080601c4 	.word	0x080601c4

080a04a0 <hal_usart_available>:
DYNALIB_FN(BASE_IDX + 4, hal_usart, hal_usart_available, int32_t(hal_usart_interface_t))
 80a04a0:	b508      	push	{r3, lr}
 80a04a2:	4b02      	ldr	r3, [pc, #8]	; (80a04ac <hal_usart_available+0xc>)
 80a04a4:	681b      	ldr	r3, [r3, #0]
 80a04a6:	6a9b      	ldr	r3, [r3, #40]	; 0x28
 80a04a8:	9301      	str	r3, [sp, #4]
 80a04aa:	bd08      	pop	{r3, pc}
 80a04ac:	080601c4 	.word	0x080601c4

080a04b0 <hal_usart_read>:
DYNALIB_FN(BASE_IDX + 5, hal_usart, hal_usart_read, int32_t(hal_usart_interface_t))
 80a04b0:	b508      	push	{r3, lr}
 80a04b2:	4b02      	ldr	r3, [pc, #8]	; (80a04bc <hal_usart_read+0xc>)
 80a04b4:	681b      	ldr	r3, [r3, #0]
 80a04b6:	6adb      	ldr	r3, [r3, #44]	; 0x2c
 80a04b8:	9301      	str	r3, [sp, #4]
 80a04ba:	bd08      	pop	{r3, pc}
 80a04bc:	080601c4 	.word	0x080601c4

080a04c0 <hal_usart_peek>:
DYNALIB_FN(BASE_IDX + 6, hal_usart, hal_usart_peek, int32_t(hal_usart_interface_t))
 80a04c0:	b508      	push	{r3, lr}
 80a04c2:	4b02      	ldr	r3, [pc, #8]	; (80a04cc <hal_usart_peek+0xc>)
 80a04c4:	681b      	ldr	r3, [r3, #0]
 80a04c6:	6b1b      	ldr	r3, [r3, #48]	; 0x30
 80a04c8:	9301      	str	r3, [sp, #4]
 80a04ca:	bd08      	pop	{r3, pc}
 80a04cc:	080601c4 	.word	0x080601c4

080a04d0 <hal_usart_flush>:
DYNALIB_FN(BASE_IDX + 7, hal_usart, hal_usart_flush, void(hal_usart_interface_t))
 80a04d0:	b508      	push	{r3, lr}
 80a04d2:	4b02      	ldr	r3, [pc, #8]	; (80a04dc <hal_usart_flush+0xc>)
 80a04d4:	681b      	ldr	r3, [r3, #0]
 80a04d6:	6b5b      	ldr	r3, [r3, #52]	; 0x34
 80a04d8:	9301      	str	r3, [sp, #4]
 80a04da:	bd08      	pop	{r3, pc}
 80a04dc:	080601c4 	.word	0x080601c4

080a04e0 <hal_usart_is_enabled>:
DYNALIB_FN(BASE_IDX + 8, hal_usart, hal_usart_is_enabled, bool(hal_usart_interface_t))
 80a04e0:	b508      	push	{r3, lr}
 80a04e2:	4b02      	ldr	r3, [pc, #8]	; (80a04ec <hal_usart_is_enabled+0xc>)
 80a04e4:	681b      	ldr	r3, [r3, #0]
 80a04e6:	6b9b      	ldr	r3, [r3, #56]	; 0x38
 80a04e8:	9301      	str	r3, [sp, #4]
 80a04ea:	bd08      	pop	{r3, pc}
 80a04ec:	080601c4 	.word	0x080601c4

080a04f0 <hal_usart_available_data_for_write>:
DYNALIB_FN(BASE_IDX + 9, hal_usart, hal_usart_half_duplex, void(hal_usart_interface_t, bool))
DYNALIB_FN(BASE_IDX + 10, hal_usart, hal_usart_available_data_for_write, int32_t(hal_usart_interface_t))
 80a04f0:	b508      	push	{r3, lr}
 80a04f2:	4b02      	ldr	r3, [pc, #8]	; (80a04fc <hal_usart_available_data_for_write+0xc>)
 80a04f4:	681b      	ldr	r3, [r3, #0]
 80a04f6:	6c1b      	ldr	r3, [r3, #64]	; 0x40
 80a04f8:	9301      	str	r3, [sp, #4]
 80a04fa:	bd08      	pop	{r3, pc}
 80a04fc:	080601c4 	.word	0x080601c4

080a0500 <hal_usart_init_ex>:
DYNALIB_FN(BASE_IDX2 + 0, hal_usart, hal_usart_begin_config, void(hal_usart_interface_t serial, uint32_t baud, uint32_t config, void *ptr))
DYNALIB_FN(BASE_IDX2 + 1, hal_usart, hal_usart_write_nine_bits, uint32_t(hal_usart_interface_t serial, uint16_t data))
DYNALIB_FN(BASE_IDX2 + 2, hal_usart, hal_usart_send_break, void(hal_usart_interface_t, void*))
DYNALIB_FN(BASE_IDX2 + 3, hal_usart, hal_usart_break_detected, uint8_t(hal_usart_interface_t))
DYNALIB_FN(BASE_IDX2 + 4, hal_usart, hal_usart_sleep, int(hal_usart_interface_t serial, bool, void*))
DYNALIB_FN(BASE_IDX2 + 5, hal_usart, hal_usart_init_ex, int(hal_usart_interface_t, const hal_usart_buffer_config_t*, void*))
 80a0500:	b508      	push	{r3, lr}
 80a0502:	4b02      	ldr	r3, [pc, #8]	; (80a050c <hal_usart_init_ex+0xc>)
 80a0504:	681b      	ldr	r3, [r3, #0]
 80a0506:	6e1b      	ldr	r3, [r3, #96]	; 0x60
 80a0508:	9301      	str	r3, [sp, #4]
 80a050a:	bd08      	pop	{r3, pc}
 80a050c:	080601c4 	.word	0x080601c4

080a0510 <hal_i2c_write>:
DYNALIB_FN(BASE_IDX + 3, hal_i2c, hal_i2c_begin, void(hal_i2c_interface_t, hal_i2c_mode_t, uint8_t, void*))
DYNALIB_FN(BASE_IDX + 4, hal_i2c, hal_i2c_end, void(hal_i2c_interface_t, void*))
DYNALIB_FN(BASE_IDX + 5, hal_i2c, hal_i2c_request, uint32_t(hal_i2c_interface_t, uint8_t, uint8_t, uint8_t, void*))
DYNALIB_FN(BASE_IDX + 6, hal_i2c, hal_i2c_begin_transmission, void(hal_i2c_interface_t, uint8_t, const hal_i2c_transmission_config_t*))
DYNALIB_FN(BASE_IDX + 7, hal_i2c, hal_i2c_end_transmission, uint8_t(hal_i2c_interface_t, uint8_t, void*))
DYNALIB_FN(BASE_IDX + 8, hal_i2c, hal_i2c_write, uint32_t(hal_i2c_interface_t, uint8_t, void*))
 80a0510:	b508      	push	{r3, lr}
 80a0512:	4b02      	ldr	r3, [pc, #8]	; (80a051c <hal_i2c_write+0xc>)
 80a0514:	681b      	ldr	r3, [r3, #0]
 80a0516:	6e1b      	ldr	r3, [r3, #96]	; 0x60
 80a0518:	9301      	str	r3, [sp, #4]
 80a051a:	bd08      	pop	{r3, pc}
 80a051c:	080601ac 	.word	0x080601ac

080a0520 <hal_i2c_available>:
DYNALIB_FN(BASE_IDX + 9, hal_i2c, hal_i2c_available, int32_t(hal_i2c_interface_t, void*))
 80a0520:	b508      	push	{r3, lr}
 80a0522:	4b02      	ldr	r3, [pc, #8]	; (80a052c <hal_i2c_available+0xc>)
 80a0524:	681b      	ldr	r3, [r3, #0]
 80a0526:	6e5b      	ldr	r3, [r3, #100]	; 0x64
 80a0528:	9301      	str	r3, [sp, #4]
 80a052a:	bd08      	pop	{r3, pc}
 80a052c:	080601ac 	.word	0x080601ac

080a0530 <hal_i2c_read>:
DYNALIB_FN(BASE_IDX + 10, hal_i2c, hal_i2c_read, int32_t(hal_i2c_interface_t, void*))
 80a0530:	b508      	push	{r3, lr}
 80a0532:	4b02      	ldr	r3, [pc, #8]	; (80a053c <hal_i2c_read+0xc>)
 80a0534:	681b      	ldr	r3, [r3, #0]
 80a0536:	6e9b      	ldr	r3, [r3, #104]	; 0x68
 80a0538:	9301      	str	r3, [sp, #4]
 80a053a:	bd08      	pop	{r3, pc}
 80a053c:	080601ac 	.word	0x080601ac

080a0540 <hal_i2c_peek>:
DYNALIB_FN(BASE_IDX + 11, hal_i2c, hal_i2c_peek, int32_t(hal_i2c_interface_t, void*))
 80a0540:	b508      	push	{r3, lr}
 80a0542:	4b02      	ldr	r3, [pc, #8]	; (80a054c <hal_i2c_peek+0xc>)
 80a0544:	681b      	ldr	r3, [r3, #0]
 80a0546:	6edb      	ldr	r3, [r3, #108]	; 0x6c
 80a0548:	9301      	str	r3, [sp, #4]
 80a054a:	bd08      	pop	{r3, pc}
 80a054c:	080601ac 	.word	0x080601ac

080a0550 <hal_i2c_flush>:
DYNALIB_FN(BASE_IDX + 12, hal_i2c, hal_i2c_flush, void(hal_i2c_interface_t, void*))
 80a0550:	b508      	push	{r3, lr}
 80a0552:	4b02      	ldr	r3, [pc, #8]	; (80a055c <hal_i2c_flush+0xc>)
 80a0554:	681b      	ldr	r3, [r3, #0]
 80a0556:	6f1b      	ldr	r3, [r3, #112]	; 0x70
 80a0558:	9301      	str	r3, [sp, #4]
 80a055a:	bd08      	pop	{r3, pc}
 80a055c:	080601ac 	.word	0x080601ac

080a0560 <hal_i2c_is_enabled>:
DYNALIB_FN(BASE_IDX + 13, hal_i2c, hal_i2c_is_enabled, bool(hal_i2c_interface_t, void*))
 80a0560:	b508      	push	{r3, lr}
 80a0562:	4b02      	ldr	r3, [pc, #8]	; (80a056c <hal_i2c_is_enabled+0xc>)
 80a0564:	681b      	ldr	r3, [r3, #0]
 80a0566:	6f5b      	ldr	r3, [r3, #116]	; 0x74
 80a0568:	9301      	str	r3, [sp, #4]
 80a056a:	bd08      	pop	{r3, pc}
 80a056c:	080601ac 	.word	0x080601ac

080a0570 <hal_i2c_init>:
DYNALIB_FN(BASE_IDX + 14, hal_i2c, hal_i2c_set_callback_on_received, void(hal_i2c_interface_t, void(*)(int), void*))
DYNALIB_FN(BASE_IDX + 15, hal_i2c, hal_i2c_set_callback_on_requested, void(hal_i2c_interface_t, void(*)(void), void*))
DYNALIB_FN(BASE_IDX + 16, hal_i2c, hal_i2c_init, int(hal_i2c_interface_t, const hal_i2c_config_t*))
 80a0570:	b508      	push	{r3, lr}
 80a0572:	4b03      	ldr	r3, [pc, #12]	; (80a0580 <hal_i2c_init+0x10>)
 80a0574:	681b      	ldr	r3, [r3, #0]
 80a0576:	f8d3 3080 	ldr.w	r3, [r3, #128]	; 0x80
 80a057a:	9301      	str	r3, [sp, #4]
 80a057c:	bd08      	pop	{r3, pc}
 80a057e:	0000      	.short	0x0000
 80a0580:	080601ac 	.word	0x080601ac

080a0584 <hal_spi_init>:
DYNALIB_FN(2, hal_spi, hal_spi_set_bit_order, void(hal_spi_interface_t, uint8_t))
DYNALIB_FN(3, hal_spi, hal_spi_set_data_mode, void(hal_spi_interface_t, uint8_t))
DYNALIB_FN(4, hal_spi, hal_spi_set_clock_divider, void(hal_spi_interface_t, uint8_t))
DYNALIB_FN(5, hal_spi, hal_spi_transfer, uint16_t(hal_spi_interface_t, uint16_t))
DYNALIB_FN(6, hal_spi, hal_spi_is_enabled_deprecated, bool(void))
DYNALIB_FN(7, hal_spi, hal_spi_init, void(hal_spi_interface_t))
 80a0584:	b508      	push	{r3, lr}
 80a0586:	4b02      	ldr	r3, [pc, #8]	; (80a0590 <hal_spi_init+0xc>)
 80a0588:	681b      	ldr	r3, [r3, #0]
 80a058a:	69db      	ldr	r3, [r3, #28]
 80a058c:	9301      	str	r3, [sp, #4]
 80a058e:	bd08      	pop	{r3, pc}
 80a0590:	080601b4 	.word	0x080601b4

080a0594 <hal_spi_is_enabled>:
DYNALIB_FN(8, hal_spi, hal_spi_is_enabled, bool(hal_spi_interface_t))
 80a0594:	b508      	push	{r3, lr}
 80a0596:	4b02      	ldr	r3, [pc, #8]	; (80a05a0 <hal_spi_is_enabled+0xc>)
 80a0598:	681b      	ldr	r3, [r3, #0]
 80a059a:	6a1b      	ldr	r3, [r3, #32]
 80a059c:	9301      	str	r3, [sp, #4]
 80a059e:	bd08      	pop	{r3, pc}
 80a05a0:	080601b4 	.word	0x080601b4

080a05a4 <HAL_Tone_Start>:
// New HAL functions must be added to the end of this list.
// GNINRAW

DYNALIB_BEGIN(hal_peripherals)

DYNALIB_FN(0, hal_peripherals, HAL_Tone_Start, void(uint8_t, uint32_t, uint32_t))
 80a05a4:	b508      	push	{r3, lr}
 80a05a6:	4b02      	ldr	r3, [pc, #8]	; (80a05b0 <HAL_Tone_Start+0xc>)
 80a05a8:	681b      	ldr	r3, [r3, #0]
 80a05aa:	681b      	ldr	r3, [r3, #0]
 80a05ac:	9301      	str	r3, [sp, #4]
 80a05ae:	bd08      	pop	{r3, pc}
 80a05b0:	080601a8 	.word	0x080601a8

080a05b4 <HAL_Tone_Stop>:
DYNALIB_FN(1, hal_peripherals, HAL_Tone_Stop, void(uint8_t))
 80a05b4:	b508      	push	{r3, lr}
 80a05b6:	4b02      	ldr	r3, [pc, #8]	; (80a05c0 <HAL_Tone_Stop+0xc>)
 80a05b8:	681b      	ldr	r3, [r3, #0]
 80a05ba:	685b      	ldr	r3, [r3, #4]
 80a05bc:	9301      	str	r3, [sp, #4]
 80a05be:	bd08      	pop	{r3, pc}
 80a05c0:	080601a8 	.word	0x080601a8

080a05c4 <HAL_USB_USART_Init>:
#endif

DYNALIB_BEGIN(hal_usb)

#ifdef USB_CDC_ENABLE
DYNALIB_FN(0, hal_usb, HAL_USB_USART_Init, void(HAL_USB_USART_Serial, const HAL_USB_USART_Config*))
 80a05c4:	b508      	push	{r3, lr}
 80a05c6:	4b02      	ldr	r3, [pc, #8]	; (80a05d0 <HAL_USB_USART_Init+0xc>)
 80a05c8:	681b      	ldr	r3, [r3, #0]
 80a05ca:	681b      	ldr	r3, [r3, #0]
 80a05cc:	9301      	str	r3, [sp, #4]
 80a05ce:	bd08      	pop	{r3, pc}
 80a05d0:	080601d8 	.word	0x080601d8

080a05d4 <HAL_USB_USART_Available_Data>:
DYNALIB_FN(1, hal_usb, HAL_USB_USART_Begin, void(HAL_USB_USART_Serial, uint32_t, void *))
DYNALIB_FN(2, hal_usb, HAL_USB_USART_End, void(HAL_USB_USART_Serial))
DYNALIB_FN(3, hal_usb, HAL_USB_USART_Baud_Rate, unsigned int(HAL_USB_USART_Serial))
DYNALIB_FN(4, hal_usb, HAL_USB_USART_Available_Data, int32_t(HAL_USB_USART_Serial))
 80a05d4:	b508      	push	{r3, lr}
 80a05d6:	4b02      	ldr	r3, [pc, #8]	; (80a05e0 <HAL_USB_USART_Available_Data+0xc>)
 80a05d8:	681b      	ldr	r3, [r3, #0]
 80a05da:	691b      	ldr	r3, [r3, #16]
 80a05dc:	9301      	str	r3, [sp, #4]
 80a05de:	bd08      	pop	{r3, pc}
 80a05e0:	080601d8 	.word	0x080601d8

080a05e4 <HAL_USB_USART_Available_Data_For_Write>:
DYNALIB_FN(5, hal_usb, HAL_USB_USART_Available_Data_For_Write, int32_t(HAL_USB_USART_Serial))
 80a05e4:	b508      	push	{r3, lr}
 80a05e6:	4b02      	ldr	r3, [pc, #8]	; (80a05f0 <HAL_USB_USART_Available_Data_For_Write+0xc>)
 80a05e8:	681b      	ldr	r3, [r3, #0]
 80a05ea:	695b      	ldr	r3, [r3, #20]
 80a05ec:	9301      	str	r3, [sp, #4]
 80a05ee:	bd08      	pop	{r3, pc}
 80a05f0:	080601d8 	.word	0x080601d8

080a05f4 <HAL_USB_USART_Receive_Data>:
DYNALIB_FN(6, hal_usb, HAL_USB_USART_Receive_Data, int32_t(HAL_USB_USART_Serial, uint8_t))
 80a05f4:	b508      	push	{r3, lr}
 80a05f6:	4b02      	ldr	r3, [pc, #8]	; (80a0600 <HAL_USB_USART_Receive_Data+0xc>)
 80a05f8:	681b      	ldr	r3, [r3, #0]
 80a05fa:	699b      	ldr	r3, [r3, #24]
 80a05fc:	9301      	str	r3, [sp, #4]
 80a05fe:	bd08      	pop	{r3, pc}
 80a0600:	080601d8 	.word	0x080601d8

080a0604 <HAL_USB_USART_Send_Data>:
DYNALIB_FN(7, hal_usb, HAL_USB_USART_Send_Data, int32_t(HAL_USB_USART_Serial, uint8_t))
 80a0604:	b508      	push	{r3, lr}
 80a0606:	4b02      	ldr	r3, [pc, #8]	; (80a0610 <HAL_USB_USART_Send_Data+0xc>)
 80a0608:	681b      	ldr	r3, [r3, #0]
 80a060a:	69db      	ldr	r3, [r3, #28]
 80a060c:	9301      	str	r3, [sp, #4]
 80a060e:	bd08      	pop	{r3, pc}
 80a0610:	080601d8 	.word	0x080601d8

080a0614 <HAL_USB_USART_Flush_Data>:
DYNALIB_FN(8, hal_usb, HAL_USB_USART_Flush_Data, void(HAL_USB_USART_Serial))
 80a0614:	b508      	push	{r3, lr}
 80a0616:	4b02      	ldr	r3, [pc, #8]	; (80a0620 <HAL_USB_USART_Flush_Data+0xc>)
 80a0618:	681b      	ldr	r3, [r3, #0]
 80a061a:	6a1b      	ldr	r3, [r3, #32]
 80a061c:	9301      	str	r3, [sp, #4]
 80a061e:	bd08      	pop	{r3, pc}
 80a0620:	080601d8 	.word	0x080601d8

080a0624 <inet_gethostbyname>:
DYNALIB_FN(14, hal_wlan, wlan_set_error_count, void(uint32_t))
DYNALIB_FN(15, hal_wlan, wlan_fetch_ipconfig, int(WLanConfig*))
DYNALIB_FN(16, hal_wlan, wlan_setup, void(void))

DYNALIB_FN(17, hal_wlan, HAL_NET_SetNetWatchDog, uint32_t(uint32_t))
DYNALIB_FN(18, hal_wlan, inet_gethostbyname, int(const char*, uint16_t, HAL_IPAddress*, network_interface_t, void*))
 80a0624:	b508      	push	{r3, lr}
 80a0626:	4b02      	ldr	r3, [pc, #8]	; (80a0630 <inet_gethostbyname+0xc>)
 80a0628:	681b      	ldr	r3, [r3, #0]
 80a062a:	6c9b      	ldr	r3, [r3, #72]	; 0x48
 80a062c:	9301      	str	r3, [sp, #4]
 80a062e:	bd08      	pop	{r3, pc}
 80a0630:	080601c0 	.word	0x080601c0

080a0634 <set_system_mode>:
#endif

DYNALIB_BEGIN(system)

DYNALIB_FN(0, system, system_mode, System_Mode_TypeDef(void))
DYNALIB_FN(1, system, set_system_mode, void(System_Mode_TypeDef))
 80a0634:	b508      	push	{r3, lr}
 80a0636:	4b02      	ldr	r3, [pc, #8]	; (80a0640 <set_system_mode+0xc>)
 80a0638:	681b      	ldr	r3, [r3, #0]
 80a063a:	685b      	ldr	r3, [r3, #4]
 80a063c:	9301      	str	r3, [sp, #4]
 80a063e:	bd08      	pop	{r3, pc}
 80a0640:	080601a4 	.word	0x080601a4

080a0644 <system_delay_ms>:

DYNALIB_FN(2, system, set_ymodem_serial_flash_update_handler, void(ymodem_serial_flash_update_handler))
DYNALIB_FN(3, system, system_firmwareUpdate, bool(Stream*, void*))
DYNALIB_FN(4, system, system_fileTransfer, bool(system_file_transfer_t*, void*))

DYNALIB_FN(5, system, system_delay_ms, void(unsigned long, bool))
 80a0644:	b508      	push	{r3, lr}
 80a0646:	4b02      	ldr	r3, [pc, #8]	; (80a0650 <system_delay_ms+0xc>)
 80a0648:	681b      	ldr	r3, [r3, #0]
 80a064a:	695b      	ldr	r3, [r3, #20]
 80a064c:	9301      	str	r3, [sp, #4]
 80a064e:	bd08      	pop	{r3, pc}
 80a0650:	080601a4 	.word	0x080601a4

080a0654 <system_ctrl_set_app_request_handler>:
DYNALIB_FN(BASE_IDX + 6, system, led_pattern_period, uint16_t(int, int, void*))
DYNALIB_FN(BASE_IDX + 7, system, system_set_tester_handlers, int(system_tester_handlers_t*, void*))
DYNALIB_FN(BASE_IDX + 8, system, system_format_diag_data, int(const uint16_t*, size_t, unsigned, appender_fn, void*, void*))

// Control requests
DYNALIB_FN(BASE_IDX + 9, system, system_ctrl_set_app_request_handler, int(ctrl_request_handler_fn, void*))
 80a0654:	b508      	push	{r3, lr}
 80a0656:	4b03      	ldr	r3, [pc, #12]	; (80a0664 <system_ctrl_set_app_request_handler+0x10>)
 80a0658:	681b      	ldr	r3, [r3, #0]
 80a065a:	f8d3 3090 	ldr.w	r3, [r3, #144]	; 0x90
 80a065e:	9301      	str	r3, [sp, #4]
 80a0660:	bd08      	pop	{r3, pc}
 80a0662:	0000      	.short	0x0000
 80a0664:	080601a4 	.word	0x080601a4

080a0668 <system_ctrl_set_result>:
DYNALIB_FN(BASE_IDX + 10, system, system_ctrl_alloc_reply_data, int(ctrl_request*, size_t, void*))
DYNALIB_FN(BASE_IDX + 11, system, system_ctrl_free_request_data, void(ctrl_request*, void*))
DYNALIB_FN(BASE_IDX + 12, system, system_ctrl_set_result, void(ctrl_request*, int, ctrl_completion_handler_fn, void*, void*))
 80a0668:	b508      	push	{r3, lr}
 80a066a:	4b03      	ldr	r3, [pc, #12]	; (80a0678 <system_ctrl_set_result+0x10>)
 80a066c:	681b      	ldr	r3, [r3, #0]
 80a066e:	f8d3 309c 	ldr.w	r3, [r3, #156]	; 0x9c
 80a0672:	9301      	str	r3, [sp, #4]
 80a0674:	bd08      	pop	{r3, pc}
 80a0676:	0000      	.short	0x0000
 80a0678:	080601a4 	.word	0x080601a4

080a067c <network_connect>:
#endif

DYNALIB_BEGIN(system_net)

DYNALIB_FN(0, system_net, network_config, const void*(network_handle_t, uint32_t, void*))
DYNALIB_FN(1, system_net, network_connect, void(network_handle_t, uint32_t, uint32_t, void*))
 80a067c:	b508      	push	{r3, lr}
 80a067e:	4b02      	ldr	r3, [pc, #8]	; (80a0688 <network_connect+0xc>)
 80a0680:	681b      	ldr	r3, [r3, #0]
 80a0682:	685b      	ldr	r3, [r3, #4]
 80a0684:	9301      	str	r3, [sp, #4]
 80a0686:	bd08      	pop	{r3, pc}
 80a0688:	080601c8 	.word	0x080601c8

080a068c <network_connecting>:
DYNALIB_FN(2, system_net, network_connecting, bool(network_handle_t, uint32_t, void*))
 80a068c:	b508      	push	{r3, lr}
 80a068e:	4b02      	ldr	r3, [pc, #8]	; (80a0698 <network_connecting+0xc>)
 80a0690:	681b      	ldr	r3, [r3, #0]
 80a0692:	689b      	ldr	r3, [r3, #8]
 80a0694:	9301      	str	r3, [sp, #4]
 80a0696:	bd08      	pop	{r3, pc}
 80a0698:	080601c8 	.word	0x080601c8

080a069c <network_disconnect>:
DYNALIB_FN(3, system_net, network_disconnect, void(network_handle_t, uint32_t, void*))
 80a069c:	b508      	push	{r3, lr}
 80a069e:	4b02      	ldr	r3, [pc, #8]	; (80a06a8 <network_disconnect+0xc>)
 80a06a0:	681b      	ldr	r3, [r3, #0]
 80a06a2:	68db      	ldr	r3, [r3, #12]
 80a06a4:	9301      	str	r3, [sp, #4]
 80a06a6:	bd08      	pop	{r3, pc}
 80a06a8:	080601c8 	.word	0x080601c8

080a06ac <network_ready>:
DYNALIB_FN(4, system_net, network_ready, bool(network_handle_t, uint32_t, void*))
 80a06ac:	b508      	push	{r3, lr}
 80a06ae:	4b02      	ldr	r3, [pc, #8]	; (80a06b8 <network_ready+0xc>)
 80a06b0:	681b      	ldr	r3, [r3, #0]
 80a06b2:	691b      	ldr	r3, [r3, #16]
 80a06b4:	9301      	str	r3, [sp, #4]
 80a06b6:	bd08      	pop	{r3, pc}
 80a06b8:	080601c8 	.word	0x080601c8

080a06bc <network_on>:
DYNALIB_FN(5, system_net, network_on, void(network_handle_t, uint32_t, uint32_t, void*))
 80a06bc:	b508      	push	{r3, lr}
 80a06be:	4b02      	ldr	r3, [pc, #8]	; (80a06c8 <network_on+0xc>)
 80a06c0:	681b      	ldr	r3, [r3, #0]
 80a06c2:	695b      	ldr	r3, [r3, #20]
 80a06c4:	9301      	str	r3, [sp, #4]
 80a06c6:	bd08      	pop	{r3, pc}
 80a06c8:	080601c8 	.word	0x080601c8

080a06cc <network_off>:
DYNALIB_FN(6, system_net, network_off, void(network_handle_t, uint32_t, uint32_t, void*))
 80a06cc:	b508      	push	{r3, lr}
 80a06ce:	4b02      	ldr	r3, [pc, #8]	; (80a06d8 <network_off+0xc>)
 80a06d0:	681b      	ldr	r3, [r3, #0]
 80a06d2:	699b      	ldr	r3, [r3, #24]
 80a06d4:	9301      	str	r3, [sp, #4]
 80a06d6:	bd08      	pop	{r3, pc}
 80a06d8:	080601c8 	.word	0x080601c8

080a06dc <network_listen>:
DYNALIB_FN(7, system_net, network_listen, void(network_handle_t, uint32_t, void*))
 80a06dc:	b508      	push	{r3, lr}
 80a06de:	4b02      	ldr	r3, [pc, #8]	; (80a06e8 <network_listen+0xc>)
 80a06e0:	681b      	ldr	r3, [r3, #0]
 80a06e2:	69db      	ldr	r3, [r3, #28]
 80a06e4:	9301      	str	r3, [sp, #4]
 80a06e6:	bd08      	pop	{r3, pc}
 80a06e8:	080601c8 	.word	0x080601c8

080a06ec <network_listening>:
DYNALIB_FN(8, system_net, network_listening, bool(network_handle_t, uint32_t, void*))
 80a06ec:	b508      	push	{r3, lr}
 80a06ee:	4b02      	ldr	r3, [pc, #8]	; (80a06f8 <network_listening+0xc>)
 80a06f0:	681b      	ldr	r3, [r3, #0]
 80a06f2:	6a1b      	ldr	r3, [r3, #32]
 80a06f4:	9301      	str	r3, [sp, #4]
 80a06f6:	bd08      	pop	{r3, pc}
 80a06f8:	080601c8 	.word	0x080601c8

080a06fc <network_set_listen_timeout>:
DYNALIB_FN(9, system_net, network_has_credentials, bool(network_handle_t, uint32_t, void*))
DYNALIB_FN(10, system_net, network_set_credentials, int(network_handle_t, uint32_t, NetworkCredentials*, void*))
DYNALIB_FN(11, system_net, network_clear_credentials, bool(network_handle_t, uint32_t, NetworkCredentials*, void*))
DYNALIB_FN(12, system_net, network_set_listen_timeout, void(network_handle_t, uint16_t, void*))
 80a06fc:	b508      	push	{r3, lr}
 80a06fe:	4b02      	ldr	r3, [pc, #8]	; (80a0708 <network_set_listen_timeout+0xc>)
 80a0700:	681b      	ldr	r3, [r3, #0]
 80a0702:	6b1b      	ldr	r3, [r3, #48]	; 0x30
 80a0704:	9301      	str	r3, [sp, #4]
 80a0706:	bd08      	pop	{r3, pc}
 80a0708:	080601c8 	.word	0x080601c8

080a070c <network_get_listen_timeout>:
DYNALIB_FN(13, system_net, network_get_listen_timeout, uint16_t(network_handle_t, uint32_t, void*))
 80a070c:	b508      	push	{r3, lr}
 80a070e:	4b02      	ldr	r3, [pc, #8]	; (80a0718 <network_get_listen_timeout+0xc>)
 80a0710:	681b      	ldr	r3, [r3, #0]
 80a0712:	6b5b      	ldr	r3, [r3, #52]	; 0x34
 80a0714:	9301      	str	r3, [sp, #4]
 80a0716:	bd08      	pop	{r3, pc}
 80a0718:	080601c8 	.word	0x080601c8

080a071c <network_is_on>:
DYNALIB_FN(14, system_net, network_set_hostname, int(network_handle_t, uint32_t, const char*, void*))
DYNALIB_FN(15, system_net, network_get_hostname, int(network_handle_t, uint32_t, char*, size_t, void*))
DYNALIB_FN(16, system_net, network_is_on, bool(network_handle_t, void*))
 80a071c:	b508      	push	{r3, lr}
 80a071e:	4b02      	ldr	r3, [pc, #8]	; (80a0728 <network_is_on+0xc>)
 80a0720:	681b      	ldr	r3, [r3, #0]
 80a0722:	6c1b      	ldr	r3, [r3, #64]	; 0x40
 80a0724:	9301      	str	r3, [sp, #4]
 80a0726:	bd08      	pop	{r3, pc}
 80a0728:	080601c8 	.word	0x080601c8

080a072c <network_is_off>:
DYNALIB_FN(17, system_net, network_is_off, bool(network_handle_t, void*))
 80a072c:	b508      	push	{r3, lr}
 80a072e:	4b02      	ldr	r3, [pc, #8]	; (80a0738 <network_is_off+0xc>)
 80a0730:	681b      	ldr	r3, [r3, #0]
 80a0732:	6c5b      	ldr	r3, [r3, #68]	; 0x44
 80a0734:	9301      	str	r3, [sp, #4]
 80a0736:	bd08      	pop	{r3, pc}
 80a0738:	080601c8 	.word	0x080601c8

080a073c <spark_variable>:
#endif


DYNALIB_BEGIN(system_cloud)

DYNALIB_FN(0, system_cloud, spark_variable, bool(const char*, const void*, Spark_Data_TypeDef, spark_variable_t*))
 80a073c:	b508      	push	{r3, lr}
 80a073e:	4b02      	ldr	r3, [pc, #8]	; (80a0748 <spark_variable+0xc>)
 80a0740:	681b      	ldr	r3, [r3, #0]
 80a0742:	681b      	ldr	r3, [r3, #0]
 80a0744:	9301      	str	r3, [sp, #4]
 80a0746:	bd08      	pop	{r3, pc}
 80a0748:	080601cc 	.word	0x080601cc

080a074c <spark_function>:
DYNALIB_FN(1, system_cloud, spark_function, bool(const char*, p_user_function_int_str_t, void*))
 80a074c:	b508      	push	{r3, lr}
 80a074e:	4b02      	ldr	r3, [pc, #8]	; (80a0758 <spark_function+0xc>)
 80a0750:	681b      	ldr	r3, [r3, #0]
 80a0752:	685b      	ldr	r3, [r3, #4]
 80a0754:	9301      	str	r3, [sp, #4]
 80a0756:	bd08      	pop	{r3, pc}
 80a0758:	080601cc 	.word	0x080601cc

080a075c <spark_set_random_seed_from_cloud_handler>:
DYNALIB_FN(10, system_cloud, spark_unsubscribe, void(void*))
DYNALIB_FN(11, system_cloud, spark_sync_time, bool(void*))
DYNALIB_FN(12, system_cloud, spark_sync_time_pending, bool(void*))
DYNALIB_FN(13, system_cloud, spark_sync_time_last, system_tick_t(time32_t*, time_t*))
DYNALIB_FN(14, system_cloud, spark_set_connection_property, int(unsigned, unsigned, const void*, void*))
DYNALIB_FN(15, system_cloud, spark_set_random_seed_from_cloud_handler, int(void (*handler)(unsigned int), void*))
 80a075c:	b508      	push	{r3, lr}
 80a075e:	4b02      	ldr	r3, [pc, #8]	; (80a0768 <spark_set_random_seed_from_cloud_handler+0xc>)
 80a0760:	681b      	ldr	r3, [r3, #0]
 80a0762:	6bdb      	ldr	r3, [r3, #60]	; 0x3c
 80a0764:	9301      	str	r3, [sp, #4]
 80a0766:	bd08      	pop	{r3, pc}
 80a0768:	080601cc 	.word	0x080601cc

080a076c <malloc>:
#include "hal_platform.h"
#endif // defined(DYNALIB_EXPORT) || (defined(DYNALIB_IMPORT) && !defined(RT_DYNALIB_NO_DEPENDENCY_BREAKING_IMPORTS))

DYNALIB_BEGIN(rt)

DYNALIB_FN(0, rt, malloc, void*(size_t))
 80a076c:	b508      	push	{r3, lr}
 80a076e:	4b02      	ldr	r3, [pc, #8]	; (80a0778 <malloc+0xc>)
 80a0770:	681b      	ldr	r3, [r3, #0]
 80a0772:	681b      	ldr	r3, [r3, #0]
 80a0774:	9301      	str	r3, [sp, #4]
 80a0776:	bd08      	pop	{r3, pc}
 80a0778:	080601a0 	.word	0x080601a0

080a077c <free>:
DYNALIB_FN(1, rt, free, void(void*))
 80a077c:	b508      	push	{r3, lr}
 80a077e:	4b02      	ldr	r3, [pc, #8]	; (80a0788 <free+0xc>)
 80a0780:	681b      	ldr	r3, [r3, #0]
 80a0782:	685b      	ldr	r3, [r3, #4]
 80a0784:	9301      	str	r3, [sp, #4]
 80a0786:	bd08      	pop	{r3, pc}
 80a0788:	080601a0 	.word	0x080601a0

080a078c <realloc>:
DYNALIB_FN(2, rt, realloc, void*(void*, size_t))
 80a078c:	b508      	push	{r3, lr}
 80a078e:	4b02      	ldr	r3, [pc, #8]	; (80a0798 <realloc+0xc>)
 80a0790:	681b      	ldr	r3, [r3, #0]
 80a0792:	689b      	ldr	r3, [r3, #8]
 80a0794:	9301      	str	r3, [sp, #4]
 80a0796:	bd08      	pop	{r3, pc}
 80a0798:	080601a0 	.word	0x080601a0

080a079c <__assert_func>:
// on Gen 2 platforms without breaking inter-module dependencies.
// RT is currently being imported into system-part1 from system-part2,
// which is the reverse direction.

#if defined(DYNALIB_EXPORT) || (defined(DYNALIB_IMPORT) && !defined(RT_DYNALIB_NO_DEPENDENCY_BREAKING_IMPORTS))
DYNALIB_FN(16, rt, __assert_func, void(const char*, int, const char*, const char*))
 80a079c:	b508      	push	{r3, lr}
 80a079e:	4b02      	ldr	r3, [pc, #8]	; (80a07a8 <__assert_func+0xc>)
 80a07a0:	681b      	ldr	r3, [r3, #0]
 80a07a2:	6c1b      	ldr	r3, [r3, #64]	; 0x40
 80a07a4:	9301      	str	r3, [sp, #4]
 80a07a6:	bd08      	pop	{r3, pc}
 80a07a8:	080601a0 	.word	0x080601a0

080a07ac <newlib_impure_ptr_callback>:
DYNALIB_FN(17, rt, newlib_impure_ptr_callback, void(void (*)(struct _reent*, size_t, uint32_t, void*), void*))
 80a07ac:	b508      	push	{r3, lr}
 80a07ae:	4b02      	ldr	r3, [pc, #8]	; (80a07b8 <newlib_impure_ptr_callback+0xc>)
 80a07b0:	681b      	ldr	r3, [r3, #0]
 80a07b2:	6c5b      	ldr	r3, [r3, #68]	; 0x44
 80a07b4:	9301      	str	r3, [sp, #4]
 80a07b6:	bd08      	pop	{r3, pc}
 80a07b8:	080601a0 	.word	0x080601a0

080a07bc <_ZN8SPIClassC1E19hal_spi_interface_t>:
    }
    return particle::SPISettings(info->clock, info->bit_order, info->data_mode);
}
} // namespace

SPIClass::SPIClass(hal_spi_interface_t spi)
 80a07bc:	b570      	push	{r4, r5, r6, lr}
    /**
     * Creates a shared mutex.
     */
    RecursiveMutex(os_mutex_recursive_t handle) : handle_(handle) {}

    RecursiveMutex() : handle_(nullptr)
 80a07be:	2600      	movs	r6, #0
 80a07c0:	4604      	mov	r4, r0
 80a07c2:	460d      	mov	r5, r1
 80a07c4:	f840 6f08 	str.w	r6, [r0, #8]!
    {
        os_mutex_recursive_create(&handle_);
 80a07c8:	f7ff fe52 	bl	80a0470 <os_mutex_recursive_create>
{
    _spi = spi;
    hal_spi_init(_spi);
 80a07cc:	4628      	mov	r0, r5
    _spi = spi;
 80a07ce:	7025      	strb	r5, [r4, #0]
    hal_spi_init(_spi);
 80a07d0:	f7ff fed8 	bl	80a0584 <hal_spi_init>
    _dividerReference = SPI_CLK_SYSTEM; // 0 indicates the system clock
}
 80a07d4:	4620      	mov	r0, r4
    _dividerReference = SPI_CLK_SYSTEM; // 0 indicates the system clock
 80a07d6:	6066      	str	r6, [r4, #4]
}
 80a07d8:	bd70      	pop	{r4, r5, r6, pc}
	...

080a07dc <_GLOBAL__sub_I_System>:
} // namespace particle

// particle::Flag<TagT, ValueT>
template<typename TagT, typename ValueT>
inline particle::Flag<TagT, ValueT>::Flag(ValueT val) :
        val_(val) {
 80a07dc:	2202      	movs	r2, #2

class SystemSleepResult {
public:
    SystemSleepResult()
            : wakeupSource_(nullptr),
              error_(SYSTEM_ERROR_NONE) {
 80a07de:	2000      	movs	r0, #0
 80a07e0:	4b04      	ldr	r3, [pc, #16]	; (80a07f4 <_GLOBAL__sub_I_System+0x18>)
 80a07e2:	601a      	str	r2, [r3, #0]
 80a07e4:	4b04      	ldr	r3, [pc, #16]	; (80a07f8 <_GLOBAL__sub_I_System+0x1c>)
    SleepResult() {}
 80a07e6:	4a05      	ldr	r2, [pc, #20]	; (80a07fc <_GLOBAL__sub_I_System+0x20>)
              error_(SYSTEM_ERROR_NONE) {
 80a07e8:	e9c3 0000 	strd	r0, r0, [r3]
    SleepResult() {}
 80a07ec:	609a      	str	r2, [r3, #8]

class SystemClass {
public:

    SystemClass(System_Mode_TypeDef mode = DEFAULT) {
        set_system_mode(mode);
 80a07ee:	f7ff bf21 	b.w	80a0634 <set_system_mode>
 80a07f2:	bf00      	nop
 80a07f4:	20000648 	.word	0x20000648
 80a07f8:	2000063c 	.word	0x2000063c
 80a07fc:	ffff0000 	.word	0xffff0000

080a0800 <_ZN6StringD1Ev>:
	init();
	char buf[33];
	dtoa(value, decimalPlaces, buf);
        *this = buf;
}
String::~String()
 80a0800:	b510      	push	{r4, lr}
 80a0802:	4604      	mov	r4, r0
{
	free(buffer);
 80a0804:	6800      	ldr	r0, [r0, #0]
 80a0806:	f7ff ffb9 	bl	80a077c <free>
}
 80a080a:	4620      	mov	r0, r4
 80a080c:	bd10      	pop	{r4, pc}

080a080e <_ZN6String10invalidateEv>:
	len = 0;
	flags = 0;
}

void String::invalidate(void)
{
 80a080e:	b510      	push	{r4, lr}
 80a0810:	4604      	mov	r4, r0
	if (buffer) free(buffer);
 80a0812:	6800      	ldr	r0, [r0, #0]
 80a0814:	b108      	cbz	r0, 80a081a <_ZN6String10invalidateEv+0xc>
 80a0816:	f7ff ffb1 	bl	80a077c <free>
	buffer = NULL;
 80a081a:	2300      	movs	r3, #0
	capacity = len = 0;
 80a081c:	e9c4 3301 	strd	r3, r3, [r4, #4]
	buffer = NULL;
 80a0820:	6023      	str	r3, [r4, #0]
}
 80a0822:	bd10      	pop	{r4, pc}

080a0824 <_ZN6String12changeBufferEj>:
	}
	return 0;
}

unsigned char String::changeBuffer(unsigned int maxStrLen)
{
 80a0824:	b538      	push	{r3, r4, r5, lr}
 80a0826:	4604      	mov	r4, r0
 80a0828:	460d      	mov	r5, r1
	char *newbuffer = (char *)realloc(buffer, maxStrLen + 1);
 80a082a:	6800      	ldr	r0, [r0, #0]
 80a082c:	3101      	adds	r1, #1
 80a082e:	f7ff ffad 	bl	80a078c <realloc>
	if (newbuffer) {
 80a0832:	b110      	cbz	r0, 80a083a <_ZN6String12changeBufferEj+0x16>
		buffer = newbuffer;
		capacity = maxStrLen;
 80a0834:	e9c4 0500 	strd	r0, r5, [r4]
		return 1;
 80a0838:	2001      	movs	r0, #1
	}
	return 0;
}
 80a083a:	bd38      	pop	{r3, r4, r5, pc}

080a083c <_ZN6String7reserveEj>:
{
 80a083c:	b510      	push	{r4, lr}
	if (buffer && capacity >= size) return 1;
 80a083e:	6803      	ldr	r3, [r0, #0]
{
 80a0840:	4604      	mov	r4, r0
	if (buffer && capacity >= size) return 1;
 80a0842:	b123      	cbz	r3, 80a084e <_ZN6String7reserveEj+0x12>
 80a0844:	6843      	ldr	r3, [r0, #4]
 80a0846:	428b      	cmp	r3, r1
 80a0848:	d301      	bcc.n	80a084e <_ZN6String7reserveEj+0x12>
 80a084a:	2001      	movs	r0, #1
}
 80a084c:	bd10      	pop	{r4, pc}
	if (changeBuffer(size)) {
 80a084e:	4620      	mov	r0, r4
 80a0850:	f7ff ffe8 	bl	80a0824 <_ZN6String12changeBufferEj>
 80a0854:	2800      	cmp	r0, #0
 80a0856:	d0f9      	beq.n	80a084c <_ZN6String7reserveEj+0x10>
		if (len == 0) buffer[0] = 0;
 80a0858:	68a3      	ldr	r3, [r4, #8]
 80a085a:	2b00      	cmp	r3, #0
 80a085c:	d1f5      	bne.n	80a084a <_ZN6String7reserveEj+0xe>
 80a085e:	6822      	ldr	r2, [r4, #0]
 80a0860:	7013      	strb	r3, [r2, #0]
 80a0862:	e7f2      	b.n	80a084a <_ZN6String7reserveEj+0xe>

080a0864 <_ZN6String4copyEPKcj>:
/*********************************************/
/*  Copy and Move                            */
/*********************************************/

String & String::copy(const char *cstr, unsigned int length)
{
 80a0864:	b570      	push	{r4, r5, r6, lr}
 80a0866:	460e      	mov	r6, r1
	if (!reserve(length)) {
 80a0868:	4611      	mov	r1, r2
{
 80a086a:	4604      	mov	r4, r0
 80a086c:	4615      	mov	r5, r2
	if (!reserve(length)) {
 80a086e:	f7ff ffe5 	bl	80a083c <_ZN6String7reserveEj>
 80a0872:	b920      	cbnz	r0, 80a087e <_ZN6String4copyEPKcj+0x1a>
		invalidate();
 80a0874:	4620      	mov	r0, r4
 80a0876:	f7ff ffca 	bl	80a080e <_ZN6String10invalidateEv>
	}
	len = length;
	memcpy(buffer, cstr, length);
	buffer[len] = 0;
	return *this;
}
 80a087a:	4620      	mov	r0, r4
 80a087c:	bd70      	pop	{r4, r5, r6, pc}
	memcpy(buffer, cstr, length);
 80a087e:	462a      	mov	r2, r5
 80a0880:	4631      	mov	r1, r6
 80a0882:	6820      	ldr	r0, [r4, #0]
	len = length;
 80a0884:	60a5      	str	r5, [r4, #8]
	memcpy(buffer, cstr, length);
 80a0886:	f001 f933 	bl	80a1af0 <memcpy>
	buffer[len] = 0;
 80a088a:	2100      	movs	r1, #0
 80a088c:	6822      	ldr	r2, [r4, #0]
 80a088e:	68a3      	ldr	r3, [r4, #8]
 80a0890:	54d1      	strb	r1, [r2, r3]
	return *this;
 80a0892:	e7f2      	b.n	80a087a <_ZN6String4copyEPKcj+0x16>

080a0894 <_ZN6StringC1EPK19__FlashStringHelper>:
String::String(const __FlashStringHelper *pstr)
 80a0894:	b538      	push	{r3, r4, r5, lr}
	buffer = NULL;
 80a0896:	2300      	movs	r3, #0
String::String(const __FlashStringHelper *pstr)
 80a0898:	4604      	mov	r4, r0
	if (cstr) copy(cstr, strlen(cstr));
 80a089a:	460d      	mov	r5, r1
	capacity = 0;
 80a089c:	e9c0 3300 	strd	r3, r3, [r0]
	len = 0;
 80a08a0:	6083      	str	r3, [r0, #8]
	flags = 0;
 80a08a2:	7303      	strb	r3, [r0, #12]
	if (cstr) copy(cstr, strlen(cstr));
 80a08a4:	b139      	cbz	r1, 80a08b6 <_ZN6StringC1EPK19__FlashStringHelper+0x22>
	if (cstr) copy(cstr, strlen(cstr));
 80a08a6:	4608      	mov	r0, r1
 80a08a8:	f001 f970 	bl	80a1b8c <strlen>
 80a08ac:	4629      	mov	r1, r5
 80a08ae:	4602      	mov	r2, r0
 80a08b0:	4620      	mov	r0, r4
 80a08b2:	f7ff ffd7 	bl	80a0864 <_ZN6String4copyEPKcj>
}
 80a08b6:	4620      	mov	r0, r4
 80a08b8:	bd38      	pop	{r3, r4, r5, pc}

080a08ba <_ZN6StringaSERKS_>:
}
#endif

String & String::operator = (const String &rhs)
{
	if (this == &rhs) return *this;
 80a08ba:	4288      	cmp	r0, r1
{
 80a08bc:	b510      	push	{r4, lr}
 80a08be:	460b      	mov	r3, r1
 80a08c0:	4604      	mov	r4, r0
	if (this == &rhs) return *this;
 80a08c2:	d004      	beq.n	80a08ce <_ZN6StringaSERKS_+0x14>

	if (rhs.buffer) copy(rhs.buffer, rhs.len);
 80a08c4:	6809      	ldr	r1, [r1, #0]
 80a08c6:	b121      	cbz	r1, 80a08d2 <_ZN6StringaSERKS_+0x18>
 80a08c8:	689a      	ldr	r2, [r3, #8]
 80a08ca:	f7ff ffcb 	bl	80a0864 <_ZN6String4copyEPKcj>
	else invalidate();

	return *this;
}
 80a08ce:	4620      	mov	r0, r4
 80a08d0:	bd10      	pop	{r4, pc}
	else invalidate();
 80a08d2:	f7ff ff9c 	bl	80a080e <_ZN6String10invalidateEv>
 80a08d6:	e7fa      	b.n	80a08ce <_ZN6StringaSERKS_+0x14>

080a08d8 <_ZN6StringC1ERKS_>:
	buffer = NULL;
 80a08d8:	2300      	movs	r3, #0
String::String(const String &value)
 80a08da:	b510      	push	{r4, lr}
 80a08dc:	4604      	mov	r4, r0
	capacity = 0;
 80a08de:	e9c0 3300 	strd	r3, r3, [r0]
	len = 0;
 80a08e2:	6083      	str	r3, [r0, #8]
	flags = 0;
 80a08e4:	7303      	strb	r3, [r0, #12]
	*this = value;
 80a08e6:	f7ff ffe8 	bl	80a08ba <_ZN6StringaSERKS_>
}
 80a08ea:	4620      	mov	r0, r4
 80a08ec:	bd10      	pop	{r4, pc}

080a08ee <_ZN6StringaSEPKc>:
	return *this;
}
#endif

String & String::operator = (const char *cstr)
{
 80a08ee:	b538      	push	{r3, r4, r5, lr}
 80a08f0:	4605      	mov	r5, r0
	if (cstr) copy(cstr, strlen(cstr));
 80a08f2:	460c      	mov	r4, r1
 80a08f4:	b149      	cbz	r1, 80a090a <_ZN6StringaSEPKc+0x1c>
 80a08f6:	4608      	mov	r0, r1
 80a08f8:	f001 f948 	bl	80a1b8c <strlen>
 80a08fc:	4621      	mov	r1, r4
 80a08fe:	4602      	mov	r2, r0
 80a0900:	4628      	mov	r0, r5
 80a0902:	f7ff ffaf 	bl	80a0864 <_ZN6String4copyEPKcj>
	else invalidate();

	return *this;
}
 80a0906:	4628      	mov	r0, r5
 80a0908:	bd38      	pop	{r3, r4, r5, pc}
	else invalidate();
 80a090a:	f7ff ff80 	bl	80a080e <_ZN6String10invalidateEv>
 80a090e:	e7fa      	b.n	80a0906 <_ZN6StringaSEPKc+0x18>

080a0910 <_ZNK6String6equalsEPKc>:
{
	return (len == s2.len && compareTo(s2) == 0);
}

unsigned char String::equals(const char *cstr) const
{
 80a0910:	b508      	push	{r3, lr}
	if (len == 0) return (cstr == NULL || *cstr == 0);
 80a0912:	6882      	ldr	r2, [r0, #8]
 80a0914:	b93a      	cbnz	r2, 80a0926 <_ZNK6String6equalsEPKc+0x16>
 80a0916:	b121      	cbz	r1, 80a0922 <_ZNK6String6equalsEPKc+0x12>
 80a0918:	7808      	ldrb	r0, [r1, #0]
	if (cstr == NULL) return buffer[0] == 0;
	return strcmp(buffer, cstr) == 0;
 80a091a:	fab0 f080 	clz	r0, r0
 80a091e:	0940      	lsrs	r0, r0, #5
 80a0920:	e000      	b.n	80a0924 <_ZNK6String6equalsEPKc+0x14>
	if (len == 0) return (cstr == NULL || *cstr == 0);
 80a0922:	2001      	movs	r0, #1
}
 80a0924:	bd08      	pop	{r3, pc}
	if (cstr == NULL) return buffer[0] == 0;
 80a0926:	6800      	ldr	r0, [r0, #0]
 80a0928:	b909      	cbnz	r1, 80a092e <_ZNK6String6equalsEPKc+0x1e>
 80a092a:	7800      	ldrb	r0, [r0, #0]
 80a092c:	e7f5      	b.n	80a091a <_ZNK6String6equalsEPKc+0xa>
	return strcmp(buffer, cstr) == 0;
 80a092e:	f001 f923 	bl	80a1b78 <strcmp>
 80a0932:	e7f2      	b.n	80a091a <_ZNK6String6equalsEPKc+0xa>

080a0934 <_ZN5Print5writeEPKhj>:

// Public Methods //////////////////////////////////////////////////////////////

/* default implementation: may be overridden */
size_t Print::write(const uint8_t *buffer, size_t size)
{
 80a0934:	b5f8      	push	{r3, r4, r5, r6, r7, lr}
 80a0936:	4606      	mov	r6, r0
 80a0938:	460d      	mov	r5, r1
  size_t n = 0;
 80a093a:	2400      	movs	r4, #0
 80a093c:	188f      	adds	r7, r1, r2
  while (size--) {
 80a093e:	42bd      	cmp	r5, r7
 80a0940:	d00c      	beq.n	80a095c <_ZN5Print5writeEPKhj+0x28>
     int chunk = write(*buffer++);
 80a0942:	6833      	ldr	r3, [r6, #0]
 80a0944:	4630      	mov	r0, r6
 80a0946:	689b      	ldr	r3, [r3, #8]
 80a0948:	f815 1b01 	ldrb.w	r1, [r5], #1
 80a094c:	4798      	blx	r3
     if (chunk>=0)
 80a094e:	1e03      	subs	r3, r0, #0
 80a0950:	db01      	blt.n	80a0956 <_ZN5Print5writeEPKhj+0x22>
         n += chunk;
 80a0952:	441c      	add	r4, r3
  while (size--) {
 80a0954:	e7f3      	b.n	80a093e <_ZN5Print5writeEPKhj+0xa>
     int chunk = write(*buffer++);
 80a0956:	2c00      	cmp	r4, #0
 80a0958:	bf08      	it	eq
 80a095a:	461c      	moveq	r4, r3
             n = chunk;
         break;
     }
  }
  return n;
}
 80a095c:	4620      	mov	r0, r4
 80a095e:	bdf8      	pop	{r3, r4, r5, r6, r7, pc}

080a0960 <_ZN5Print5writeEPKc>:

    int getWriteError() { return write_error; }
    void clearWriteError() { setWriteError(0); }

    virtual size_t write(uint8_t) = 0;
    size_t write(const char *str) {
 80a0960:	b570      	push	{r4, r5, r6, lr}
 80a0962:	4605      	mov	r5, r0
      if (str == NULL) return 0;
 80a0964:	460c      	mov	r4, r1
      return write((const uint8_t *)str, strlen(str));
    }
 80a0966:	4608      	mov	r0, r1
      if (str == NULL) return 0;
 80a0968:	b149      	cbz	r1, 80a097e <_ZN5Print5writeEPKc+0x1e>
      return write((const uint8_t *)str, strlen(str));
 80a096a:	f001 f90f 	bl	80a1b8c <strlen>
 80a096e:	682b      	ldr	r3, [r5, #0]
 80a0970:	4602      	mov	r2, r0
 80a0972:	4621      	mov	r1, r4
 80a0974:	4628      	mov	r0, r5
    }
 80a0976:	e8bd 4070 	ldmia.w	sp!, {r4, r5, r6, lr}
      return write((const uint8_t *)str, strlen(str));
 80a097a:	68db      	ldr	r3, [r3, #12]
 80a097c:	4718      	bx	r3
    }
 80a097e:	bd70      	pop	{r4, r5, r6, pc}

080a0980 <_ZN5Print5printEc>:
  return write(str);
}

size_t Print::print(char c)
{
  return write(c);
 80a0980:	6803      	ldr	r3, [r0, #0]
 80a0982:	689b      	ldr	r3, [r3, #8]
 80a0984:	4718      	bx	r3

080a0986 <_ZN5Print11printNumberEmh>:

size_t Print::printNumber(unsigned long n, uint8_t base) {
  char buf[8 * sizeof(n) + 1]; // Assumes 8-bit chars plus zero byte.
  char *str = &buf[sizeof(buf) - 1];

  *str = '\0';
 80a0986:	2300      	movs	r3, #0

  // prevent crash if called with base == 1
  if (base < 2) base = 10;
 80a0988:	2a01      	cmp	r2, #1
 80a098a:	bf98      	it	ls
 80a098c:	220a      	movls	r2, #10
size_t Print::printNumber(unsigned long n, uint8_t base) {
 80a098e:	b530      	push	{r4, r5, lr}
 80a0990:	b08b      	sub	sp, #44	; 0x2c
 80a0992:	460c      	mov	r4, r1
  *str = '\0';
 80a0994:	f88d 3024 	strb.w	r3, [sp, #36]	; 0x24
  if (base < 2) base = 10;
 80a0998:	a909      	add	r1, sp, #36	; 0x24

  do {
   decltype(n) m = n;
   n /= base;
 80a099a:	4625      	mov	r5, r4
 80a099c:	fbb4 f4f2 	udiv	r4, r4, r2
   char c = m - base * n;
 80a09a0:	fb04 5312 	mls	r3, r4, r2, r5
 80a09a4:	b2db      	uxtb	r3, r3
   *--str = c < 10 ? c + '0' : c + 'A' - 10;
 80a09a6:	2b09      	cmp	r3, #9
 80a09a8:	bf94      	ite	ls
 80a09aa:	3330      	addls	r3, #48	; 0x30
 80a09ac:	3337      	addhi	r3, #55	; 0x37
 80a09ae:	b2db      	uxtb	r3, r3
  } while(n);
 80a09b0:	42aa      	cmp	r2, r5
   *--str = c < 10 ? c + '0' : c + 'A' - 10;
 80a09b2:	f801 3d01 	strb.w	r3, [r1, #-1]!
  } while(n);
 80a09b6:	d9f0      	bls.n	80a099a <_ZN5Print11printNumberEmh+0x14>

  return write(str);
 80a09b8:	f7ff ffd2 	bl	80a0960 <_ZN5Print5writeEPKc>
}
 80a09bc:	b00b      	add	sp, #44	; 0x2c
 80a09be:	bd30      	pop	{r4, r5, pc}

080a09c0 <_GLOBAL__sub_I__ZN5spark3LogE>:
    // This handler doesn't support direct logging
}

// spark::Logger
inline spark::Logger::Logger(const char *name) :
        name_(name) {
 80a09c0:	4b01      	ldr	r3, [pc, #4]	; (80a09c8 <_GLOBAL__sub_I__ZN5spark3LogE+0x8>)
 80a09c2:	4a02      	ldr	r2, [pc, #8]	; (80a09cc <_GLOBAL__sub_I__ZN5spark3LogE+0xc>)
 80a09c4:	601a      	str	r2, [r3, #0]
#if Wiring_LogConfig

// spark::
void spark::logProcessControlRequest(ctrl_request* req) {
    JSONRequestHandler::process(req);
}
 80a09c6:	4770      	bx	lr
 80a09c8:	2000064c 	.word	0x2000064c
 80a09cc:	080a1cc4 	.word	0x080a1cc4

080a09d0 <_GLOBAL__sub_I_TIME_FORMAT_DEFAULT>:
            calendar_time_cache = Convert_UnixTime_To_CalendarTime(unix_time);
            unix_time_cache = unix_time;
    }
}

const char* TimeClass::format_spec = TIME_FORMAT_DEFAULT;
 80a09d0:	4b02      	ldr	r3, [pc, #8]	; (80a09dc <_GLOBAL__sub_I_TIME_FORMAT_DEFAULT+0xc>)
 80a09d2:	681a      	ldr	r2, [r3, #0]
 80a09d4:	4b02      	ldr	r3, [pc, #8]	; (80a09e0 <_GLOBAL__sub_I_TIME_FORMAT_DEFAULT+0x10>)
 80a09d6:	601a      	str	r2, [r3, #0]
{
  return isValid();
}


TimeClass Time;
 80a09d8:	4770      	bx	lr
 80a09da:	bf00      	nop
 80a09dc:	200005b4 	.word	0x200005b4
 80a09e0:	20000650 	.word	0x20000650

080a09e4 <delay>:
    return (value - fromStart) * (toEnd - toStart) / (fromEnd - fromStart) + toStart;
}

void delay(unsigned long ms)
{
    system_delay_ms(ms, false);
 80a09e4:	2100      	movs	r1, #0
 80a09e6:	f7ff be2d 	b.w	80a0644 <system_delay_ms>
	...

080a09ec <_GLOBAL__sub_I_RGB>:
	static void
	_M_init_functor(_Any_data& __functor, _Functor&& __f, false_type)
	{ __functor._M_access<_Functor*>() = new _Functor(std::move(__f)); }
      };

    _Function_base() : _M_manager(nullptr) { }
 80a09ec:	2200      	movs	r2, #0
 80a09ee:	4b01      	ldr	r3, [pc, #4]	; (80a09f4 <_GLOBAL__sub_I_RGB+0x8>)
 80a09f0:	609a      	str	r2, [r3, #8]
{
    RGBClass* const d = static_cast<RGBClass*>(data);
    if (d->changeHandler_) {
        d->changeHandler_(r, g, b);
    }
}
 80a09f2:	4770      	bx	lr
 80a09f4:	20000654 	.word	0x20000654

080a09f8 <_ZZ21module_user_init_hookENUlP6_reentjmPvE_4_FUNES0_jmS1_>:

void module_user_init_hook()
{
#if HAL_PLATFORM_NEWLIB
    newlib_impure_ptr_callback([](struct _reent* r, size_t size, uint32_t version, void* ctx) -> void {
        _impure_ptr = r;
 80a09f8:	4b01      	ldr	r3, [pc, #4]	; (80a0a00 <_ZZ21module_user_init_hookENUlP6_reentjmPvE_4_FUNES0_jmS1_+0x8>)
 80a09fa:	6018      	str	r0, [r3, #0]
    }, nullptr);
 80a09fc:	4770      	bx	lr
 80a09fe:	bf00      	nop
 80a0a00:	200005b8 	.word	0x200005b8

080a0a04 <serialEventRun>:
{
 80a0a04:	b508      	push	{r3, lr}
    if (serialEvent && Serial.available()>0)
 80a0a06:	4b13      	ldr	r3, [pc, #76]	; (80a0a54 <serialEventRun+0x50>)
 80a0a08:	b143      	cbz	r3, 80a0a1c <serialEventRun+0x18>
 80a0a0a:	f000 f997 	bl	80a0d3c <_Z16_fetch_usbserialv>
 80a0a0e:	6803      	ldr	r3, [r0, #0]
 80a0a10:	691b      	ldr	r3, [r3, #16]
 80a0a12:	4798      	blx	r3
 80a0a14:	2800      	cmp	r0, #0
 80a0a16:	dd01      	ble.n	80a0a1c <serialEventRun+0x18>
        serialEvent();
 80a0a18:	f3af 8000 	nop.w
    if (serialEvent1 && Serial1.available()>0)
 80a0a1c:	4b0e      	ldr	r3, [pc, #56]	; (80a0a58 <serialEventRun+0x54>)
 80a0a1e:	b143      	cbz	r3, 80a0a32 <serialEventRun+0x2e>
 80a0a20:	f000 fbfa 	bl	80a1218 <_Z22__fetch_global_Serial1v>
 80a0a24:	6803      	ldr	r3, [r0, #0]
 80a0a26:	691b      	ldr	r3, [r3, #16]
 80a0a28:	4798      	blx	r3
 80a0a2a:	2800      	cmp	r0, #0
 80a0a2c:	dd01      	ble.n	80a0a32 <serialEventRun+0x2e>
        serialEvent1();
 80a0a2e:	f3af 8000 	nop.w
    if (serialEventRun2) serialEventRun2();
 80a0a32:	4b0a      	ldr	r3, [pc, #40]	; (80a0a5c <serialEventRun+0x58>)
 80a0a34:	b10b      	cbz	r3, 80a0a3a <serialEventRun+0x36>
 80a0a36:	f3af 8000 	nop.w
    if (usbSerialEvent1 && USBSerial1.available()>0)
 80a0a3a:	4b09      	ldr	r3, [pc, #36]	; (80a0a60 <serialEventRun+0x5c>)
 80a0a3c:	b143      	cbz	r3, 80a0a50 <serialEventRun+0x4c>
 80a0a3e:	f000 f9b7 	bl	80a0db0 <_Z17_fetch_usbserial1v>
 80a0a42:	6803      	ldr	r3, [r0, #0]
 80a0a44:	691b      	ldr	r3, [r3, #16]
 80a0a46:	4798      	blx	r3
 80a0a48:	2800      	cmp	r0, #0
 80a0a4a:	dd01      	ble.n	80a0a50 <serialEventRun+0x4c>
        usbSerialEvent1();
 80a0a4c:	f3af 8000 	nop.w
}
 80a0a50:	bd08      	pop	{r3, pc}
 80a0a52:	bf00      	nop
	...

080a0a64 <_post_loop>:
{
 80a0a64:	b508      	push	{r3, lr}
	serialEventRun();
 80a0a66:	f7ff ffcd 	bl	80a0a04 <serialEventRun>
		return !timeout_fn;
	}

	static inline system_tick_t current_time()
	{
		return HAL_Timer_Get_Milli_Seconds();
 80a0a6a:	f7ff fcf9 	bl	80a0460 <HAL_Timer_Get_Milli_Seconds>
	/**
	 * Lifesign that the application is still working normally.
	 */
	static void checkin()
	{
		last_checkin = current_time();
 80a0a6e:	4b01      	ldr	r3, [pc, #4]	; (80a0a74 <_post_loop+0x10>)
 80a0a70:	6018      	str	r0, [r3, #0]
}
 80a0a72:	bd08      	pop	{r3, pc}
 80a0a74:	200009d8 	.word	0x200009d8

080a0a78 <_Z33system_initialize_user_backup_ramv>:
    memcpy(&link_global_retained_start, &link_global_retained_initial_values, len);
 80a0a78:	4805      	ldr	r0, [pc, #20]	; (80a0a90 <_Z33system_initialize_user_backup_ramv+0x18>)
 80a0a7a:	4a06      	ldr	r2, [pc, #24]	; (80a0a94 <_Z33system_initialize_user_backup_ramv+0x1c>)
{
 80a0a7c:	b508      	push	{r3, lr}
    memcpy(&link_global_retained_start, &link_global_retained_initial_values, len);
 80a0a7e:	1a12      	subs	r2, r2, r0
 80a0a80:	4905      	ldr	r1, [pc, #20]	; (80a0a98 <_Z33system_initialize_user_backup_ramv+0x20>)
 80a0a82:	f001 f835 	bl	80a1af0 <memcpy>
    __backup_sram_signature = signature;
 80a0a86:	4b05      	ldr	r3, [pc, #20]	; (80a0a9c <_Z33system_initialize_user_backup_ramv+0x24>)
 80a0a88:	4a05      	ldr	r2, [pc, #20]	; (80a0aa0 <_Z33system_initialize_user_backup_ramv+0x28>)
 80a0a8a:	601a      	str	r2, [r3, #0]
}
 80a0a8c:	bd08      	pop	{r3, pc}
 80a0a8e:	bf00      	nop
 80a0a90:	40024000 	.word	0x40024000
 80a0a94:	40024004 	.word	0x40024004
 80a0a98:	080a1eb0 	.word	0x080a1eb0
 80a0a9c:	40024000 	.word	0x40024000
 80a0aa0:	9a271c1e 	.word	0x9a271c1e

080a0aa4 <_Z27ctrl_request_custom_handlerP12ctrl_request>:
    system_ctrl_set_result(req, SYSTEM_ERROR_NOT_SUPPORTED, nullptr, nullptr, nullptr);
 80a0aa4:	2300      	movs	r3, #0
void __attribute((weak)) ctrl_request_custom_handler(ctrl_request* req) {
 80a0aa6:	b507      	push	{r0, r1, r2, lr}
    system_ctrl_set_result(req, SYSTEM_ERROR_NOT_SUPPORTED, nullptr, nullptr, nullptr);
 80a0aa8:	461a      	mov	r2, r3
 80a0aaa:	f06f 0177 	mvn.w	r1, #119	; 0x77
 80a0aae:	9300      	str	r3, [sp, #0]
 80a0ab0:	f7ff fdda 	bl	80a0668 <system_ctrl_set_result>
}
 80a0ab4:	b003      	add	sp, #12
 80a0ab6:	f85d fb04 	ldr.w	pc, [sp], #4
	...

080a0abc <_ZL20ctrl_request_handlerP12ctrl_request>:
static void ctrl_request_handler(ctrl_request* req) {
 80a0abc:	b507      	push	{r0, r1, r2, lr}
    switch (req->type) {
 80a0abe:	8843      	ldrh	r3, [r0, #2]
 80a0ac0:	2b0a      	cmp	r3, #10
 80a0ac2:	d008      	beq.n	80a0ad6 <_ZL20ctrl_request_handlerP12ctrl_request+0x1a>
 80a0ac4:	2b50      	cmp	r3, #80	; 0x50
 80a0ac6:	d10b      	bne.n	80a0ae0 <_ZL20ctrl_request_handlerP12ctrl_request+0x24>
        if (log_process_ctrl_request_callback) {
 80a0ac8:	4b09      	ldr	r3, [pc, #36]	; (80a0af0 <_ZL20ctrl_request_handlerP12ctrl_request+0x34>)
 80a0aca:	681b      	ldr	r3, [r3, #0]
 80a0acc:	b14b      	cbz	r3, 80a0ae2 <_ZL20ctrl_request_handlerP12ctrl_request+0x26>
}
 80a0ace:	b003      	add	sp, #12
 80a0ad0:	f85d eb04 	ldr.w	lr, [sp], #4
            log_process_ctrl_request_callback(req);
 80a0ad4:	4718      	bx	r3
        ctrl_request_custom_handler(req);
 80a0ad6:	f7ff ffe5 	bl	80a0aa4 <_Z27ctrl_request_custom_handlerP12ctrl_request>
}
 80a0ada:	b003      	add	sp, #12
 80a0adc:	f85d fb04 	ldr.w	pc, [sp], #4
        system_ctrl_set_result(req, SYSTEM_ERROR_NOT_SUPPORTED, nullptr, nullptr, nullptr);
 80a0ae0:	2300      	movs	r3, #0
 80a0ae2:	461a      	mov	r2, r3
 80a0ae4:	f06f 0177 	mvn.w	r1, #119	; 0x77
 80a0ae8:	9300      	str	r3, [sp, #0]
 80a0aea:	f7ff fdbd 	bl	80a0668 <system_ctrl_set_result>
}
 80a0aee:	e7f4      	b.n	80a0ada <_ZL20ctrl_request_handlerP12ctrl_request+0x1e>
 80a0af0:	20000668 	.word	0x20000668

080a0af4 <module_user_init_hook>:
    newlib_impure_ptr_callback([](struct _reent* r, size_t size, uint32_t version, void* ctx) -> void {
 80a0af4:	2100      	movs	r1, #0
{
 80a0af6:	b510      	push	{r4, lr}
    newlib_impure_ptr_callback([](struct _reent* r, size_t size, uint32_t version, void* ctx) -> void {
 80a0af8:	4811      	ldr	r0, [pc, #68]	; (80a0b40 <module_user_init_hook+0x4c>)
 80a0afa:	f7ff fe57 	bl	80a07ac <newlib_impure_ptr_callback>
#endif // HAL_PLATFORM_NEWLIB

#if HAL_PLATFORM_BACKUP_RAM
    backup_ram_was_valid_ = __backup_sram_signature == signature;
 80a0afe:	4b11      	ldr	r3, [pc, #68]	; (80a0b44 <module_user_init_hook+0x50>)
 80a0b00:	681a      	ldr	r2, [r3, #0]
 80a0b02:	4b11      	ldr	r3, [pc, #68]	; (80a0b48 <module_user_init_hook+0x54>)
 80a0b04:	429a      	cmp	r2, r3
 80a0b06:	bf0c      	ite	eq
 80a0b08:	2201      	moveq	r2, #1
 80a0b0a:	2200      	movne	r2, #0
 80a0b0c:	4b0f      	ldr	r3, [pc, #60]	; (80a0b4c <module_user_init_hook+0x58>)
 80a0b0e:	701a      	strb	r2, [r3, #0]
    if (!backup_ram_was_valid_) {
 80a0b10:	d001      	beq.n	80a0b16 <module_user_init_hook+0x22>
        system_initialize_user_backup_ram();
 80a0b12:	f7ff ffb1 	bl	80a0a78 <_Z33system_initialize_user_backup_ramv>
    }
#endif

#if HAL_PLATFORM_RNG
    // Initialize the default stdlib PRNG using hardware RNG as a seed
    const uint32_t seed = HAL_RNG_GetRandomNumber();
 80a0b16:	f7ff fc9b 	bl	80a0450 <HAL_RNG_GetRandomNumber>
 80a0b1a:	4604      	mov	r4, r0
    srand(seed);
 80a0b1c:	f000 fffe 	bl	80a1b1c <srand>

    // If the user defines random_seed_from_cloud, call it with a seed value
    // generated by a hardware RNG as well.
    if (random_seed_from_cloud) {
 80a0b20:	4b0b      	ldr	r3, [pc, #44]	; (80a0b50 <module_user_init_hook+0x5c>)
 80a0b22:	b113      	cbz	r3, 80a0b2a <module_user_init_hook+0x36>
        random_seed_from_cloud(seed);
 80a0b24:	4620      	mov	r0, r4
 80a0b26:	f3af 8000 	nop.w
    }
#endif
    // Register the random_seed_from_cloud handler
    spark_set_random_seed_from_cloud_handler(&random_seed_from_cloud, nullptr);
 80a0b2a:	2100      	movs	r1, #0
 80a0b2c:	4808      	ldr	r0, [pc, #32]	; (80a0b50 <module_user_init_hook+0x5c>)
 80a0b2e:	f7ff fe15 	bl	80a075c <spark_set_random_seed_from_cloud_handler>

    // Register application handler for the control requests
    system_ctrl_set_app_request_handler(ctrl_request_handler, nullptr);
}
 80a0b32:	e8bd 4010 	ldmia.w	sp!, {r4, lr}
    system_ctrl_set_app_request_handler(ctrl_request_handler, nullptr);
 80a0b36:	2100      	movs	r1, #0
 80a0b38:	4806      	ldr	r0, [pc, #24]	; (80a0b54 <module_user_init_hook+0x60>)
 80a0b3a:	f7ff bd8b 	b.w	80a0654 <system_ctrl_set_app_request_handler>
 80a0b3e:	bf00      	nop
 80a0b40:	080a09f9 	.word	0x080a09f9
 80a0b44:	40024000 	.word	0x40024000
 80a0b48:	9a271c1e 	.word	0x9a271c1e
 80a0b4c:	20000664 	.word	0x20000664
 80a0b50:	00000000 	.word	0x00000000
 80a0b54:	080a0abd 	.word	0x080a0abd

080a0b58 <_ZN10CloudClass22call_raw_user_functionEPvPKcS0_>:
    }
    return CloudDisconnectOptions(options->flags, options->timeout, options->graceful, clearSession);
}

int CloudClass::call_raw_user_function(void* data, const char* param, void* reserved)
{
 80a0b58:	b510      	push	{r4, lr}
 80a0b5a:	b088      	sub	sp, #32
 80a0b5c:	4604      	mov	r4, r0
    user_function_int_str_t* fn = (user_function_int_str_t*)(data);
    String p(param);
 80a0b5e:	4668      	mov	r0, sp
 80a0b60:	f7ff fe98 	bl	80a0894 <_ZN6StringC1EPK19__FlashStringHelper>
    return (*fn)(p);
 80a0b64:	4669      	mov	r1, sp
 80a0b66:	a804      	add	r0, sp, #16
 80a0b68:	f7ff feb6 	bl	80a08d8 <_ZN6StringC1ERKS_>
 80a0b6c:	a804      	add	r0, sp, #16
 80a0b6e:	47a0      	blx	r4
 80a0b70:	4604      	mov	r4, r0
 80a0b72:	a804      	add	r0, sp, #16
 80a0b74:	f7ff fe44 	bl	80a0800 <_ZN6StringD1Ev>
    String p(param);
 80a0b78:	4668      	mov	r0, sp
 80a0b7a:	f7ff fe41 	bl	80a0800 <_ZN6StringD1Ev>
}
 80a0b7e:	4620      	mov	r0, r4
 80a0b80:	b008      	add	sp, #32
 80a0b82:	bd10      	pop	{r4, pc}

080a0b84 <_ZN10CloudClass17register_functionEPFiPvPKcS0_ES0_S2_>:
    wiring_event_handler_t* fn = (wiring_event_handler_t*)(handler_data);
    (*fn)(event_name, data);
}

bool CloudClass::register_function(cloud_function_t fn, void* data, const char* funcKey)
{
 80a0b84:	b51f      	push	{r0, r1, r2, r3, r4, lr}
    const char *funcKey;
    cloud_function_t fn;
    void* data;

     cloud_function_descriptor() {
         memset(this, 0, sizeof(*this));
 80a0b86:	2300      	movs	r3, #0
         size = sizeof(*this);
 80a0b88:	2410      	movs	r4, #16
    cloud_function_descriptor desc = {};
    desc.size = sizeof(desc);
    desc.fn = fn;
    desc.data = (void*)data;
 80a0b8a:	e9cd 0102 	strd	r0, r1, [sp, #8]
    desc.funcKey = funcKey;
 80a0b8e:	9201      	str	r2, [sp, #4]
    return spark_function(NULL, (user_function_int_str_t*)&desc, NULL);
 80a0b90:	4669      	mov	r1, sp
 80a0b92:	461a      	mov	r2, r3
 80a0b94:	4618      	mov	r0, r3
         memset(this, 0, sizeof(*this));
 80a0b96:	f8ad 3002 	strh.w	r3, [sp, #2]
         size = sizeof(*this);
 80a0b9a:	f8ad 4000 	strh.w	r4, [sp]
 80a0b9e:	f7ff fdd5 	bl	80a074c <spark_function>
}
 80a0ba2:	b004      	add	sp, #16
 80a0ba4:	bd10      	pop	{r4, pc}

080a0ba6 <_ZN9IPAddressD1Ev>:
    IPAddress(uint32_t address);
    // 4 bytes defining the IP address in network order
    IPAddress(const uint8_t* address);
    IPAddress(const HAL_IPAddress& address);

    virtual ~IPAddress() {}
 80a0ba6:	4770      	bx	lr

080a0ba8 <_ZNK9IPAddress7printToER5Print>:
#endif // Wiring_IPv6
	return address.ipv4==that.address.ipv4;
}

size_t IPAddress::printTo(Print& p) const
{
 80a0ba8:	b5f8      	push	{r3, r4, r5, r6, r7, lr}
 80a0baa:	460e      	mov	r6, r1
 80a0bac:	2400      	movs	r4, #0
 80a0bae:	f100 0708 	add.w	r7, r0, #8
 80a0bb2:	1d05      	adds	r5, r0, #4
            val = n;
        }
#if __GNUC__ >= 9
#pragma GCC diagnostic pop
#endif // __GNUC__ >= 9
        return printNumber(val, base) + t;
 80a0bb4:	f817 1d01 	ldrb.w	r1, [r7, #-1]!
 80a0bb8:	220a      	movs	r2, #10
 80a0bba:	4630      	mov	r0, r6
 80a0bbc:	f7ff fee3 	bl	80a0986 <_ZN5Print11printNumberEmh>
#else
#pragma message "HAL_USE_INET_HAL_POSIX is required for IPv6 support in IPAddress::printTo()"
#endif // HAL_USE_INET_HAL_POSIX
#endif // Wiring_IPv6
    size_t n = 0;
    for (int i = 0; i < 4; i++)
 80a0bc0:	42af      	cmp	r7, r5
    {
        if (n)
            n += p.print('.');
        n += p.print((*this)[i], DEC);
 80a0bc2:	4404      	add	r4, r0
    for (int i = 0; i < 4; i++)
 80a0bc4:	d101      	bne.n	80a0bca <_ZNK9IPAddress7printToER5Print+0x22>
    }
    return n;
}
 80a0bc6:	4620      	mov	r0, r4
 80a0bc8:	bdf8      	pop	{r3, r4, r5, r6, r7, pc}
        if (n)
 80a0bca:	2c00      	cmp	r4, #0
 80a0bcc:	d0f2      	beq.n	80a0bb4 <_ZNK9IPAddress7printToER5Print+0xc>
            n += p.print('.');
 80a0bce:	212e      	movs	r1, #46	; 0x2e
 80a0bd0:	4630      	mov	r0, r6
 80a0bd2:	f7ff fed5 	bl	80a0980 <_ZN5Print5printEc>
 80a0bd6:	4404      	add	r4, r0
 80a0bd8:	e7ec      	b.n	80a0bb4 <_ZNK9IPAddress7printToER5Print+0xc>

080a0bda <_ZN9IPAddressD0Ev>:
 80a0bda:	b510      	push	{r4, lr}
 80a0bdc:	4604      	mov	r4, r0
 80a0bde:	2118      	movs	r1, #24
 80a0be0:	f7ff fa5d 	bl	80a009e <_ZdlPvj>
 80a0be4:	4620      	mov	r0, r4
 80a0be6:	bd10      	pop	{r4, pc}

080a0be8 <_ZN9IPAddressC1Ev>:
IPAddress::IPAddress()
 80a0be8:	b510      	push	{r4, lr}
 80a0bea:	4604      	mov	r4, r0
 80a0bec:	4b04      	ldr	r3, [pc, #16]	; (80a0c00 <_ZN9IPAddressC1Ev+0x18>)
        return address;
    }

    virtual size_t printTo(Print& p) const;

    void clear() { memset(&address, 0, sizeof (address)); }
 80a0bee:	2211      	movs	r2, #17
 80a0bf0:	2100      	movs	r1, #0
 80a0bf2:	f840 3b04 	str.w	r3, [r0], #4
 80a0bf6:	f000 ff89 	bl	80a1b0c <memset>
}
 80a0bfa:	4620      	mov	r0, r4
 80a0bfc:	bd10      	pop	{r4, pc}
 80a0bfe:	bf00      	nop
 80a0c00:	080a1cec 	.word	0x080a1cec

080a0c04 <_ZN9IPAddressC1ERK16_HAL_IPAddress_t>:
IPAddress::IPAddress(const HAL_IPAddress& address)
 80a0c04:	4603      	mov	r3, r0
 80a0c06:	4a07      	ldr	r2, [pc, #28]	; (80a0c24 <_ZN9IPAddressC1ERK16_HAL_IPAddress_t+0x20>)
 80a0c08:	b510      	push	{r4, lr}
 80a0c0a:	f843 2b04 	str.w	r2, [r3], #4
    memcpy(&this->address, &address, sizeof(address));
 80a0c0e:	f101 0210 	add.w	r2, r1, #16
 80a0c12:	f851 4b04 	ldr.w	r4, [r1], #4
 80a0c16:	4291      	cmp	r1, r2
 80a0c18:	f843 4b04 	str.w	r4, [r3], #4
 80a0c1c:	d1f9      	bne.n	80a0c12 <_ZN9IPAddressC1ERK16_HAL_IPAddress_t+0xe>
 80a0c1e:	780a      	ldrb	r2, [r1, #0]
 80a0c20:	701a      	strb	r2, [r3, #0]
}
 80a0c22:	bd10      	pop	{r4, pc}
 80a0c24:	080a1cec 	.word	0x080a1cec

080a0c28 <_ZN9IPAddressC1Em>:
IPAddress::IPAddress(uint32_t addr)
 80a0c28:	4a02      	ldr	r2, [pc, #8]	; (80a0c34 <_ZN9IPAddressC1Em+0xc>)
    address.ipv4 = addr;
 80a0c2a:	e9c0 2100 	strd	r2, r1, [r0]
        address.v = version;
 80a0c2e:	2204      	movs	r2, #4
 80a0c30:	7502      	strb	r2, [r0, #20]
}
 80a0c32:	4770      	bx	lr
 80a0c34:	080a1cec 	.word	0x080a1cec

080a0c38 <_ZN9IPAddress8set_ipv4Ehhhh>:
{
 80a0c38:	b510      	push	{r4, lr}
    address.ipv4 = b0<<24 | b1 << 16 | b2 << 8 | b3;
 80a0c3a:	f89d 4008 	ldrb.w	r4, [sp, #8]
 80a0c3e:	ea44 2403 	orr.w	r4, r4, r3, lsl #8
 80a0c42:	2304      	movs	r3, #4
 80a0c44:	ea44 4402 	orr.w	r4, r4, r2, lsl #16
 80a0c48:	ea44 6401 	orr.w	r4, r4, r1, lsl #24
 80a0c4c:	6044      	str	r4, [r0, #4]
 80a0c4e:	7503      	strb	r3, [r0, #20]
}
 80a0c50:	bd10      	pop	{r4, pc}
	...

080a0c54 <_ZN9IPAddressC1Ehhhh>:
IPAddress::IPAddress(uint8_t first_octet, uint8_t second_octet, uint8_t third_octet, uint8_t fourth_octet)
 80a0c54:	b513      	push	{r0, r1, r4, lr}
 80a0c56:	4c04      	ldr	r4, [pc, #16]	; (80a0c68 <_ZN9IPAddressC1Ehhhh+0x14>)
 80a0c58:	6004      	str	r4, [r0, #0]
    set_ipv4(first_octet, second_octet, third_octet, fourth_octet);
 80a0c5a:	f89d 4010 	ldrb.w	r4, [sp, #16]
 80a0c5e:	9400      	str	r4, [sp, #0]
 80a0c60:	f7ff ffea 	bl	80a0c38 <_ZN9IPAddress8set_ipv4Ehhhh>
}
 80a0c64:	b002      	add	sp, #8
 80a0c66:	bd10      	pop	{r4, pc}
 80a0c68:	080a1cec 	.word	0x080a1cec

080a0c6c <_ZN9USBSerial14blockOnOverrunEb>:
  HAL_USB_USART_Flush_Data(_serial);
}

void USBSerial::blockOnOverrun(bool block)
{
  _blocking = block;
 80a0c6c:	7441      	strb	r1, [r0, #17]
}
 80a0c6e:	4770      	bx	lr

080a0c70 <__tcf_0>:
}

USBSerial& _fetch_usbserial()
{
  HAL_USB_USART_Config conf = acquireSerialBuffer();
	static USBSerial _usbserial(HAL_USB_USART_SERIAL, conf);
 80a0c70:	4770      	bx	lr

080a0c72 <_ZN9USBSerialD1Ev>:
#include "usb_hal.h"
#include "system_task.h"
#include "spark_wiring_startup.h"
#include "concurrent_hal.h"

class USBSerial : public Stream
 80a0c72:	4770      	bx	lr

080a0c74 <_ZN9USBSerial4readEv>:
{
 80a0c74:	b508      	push	{r3, lr}
	return std::max(-1, (int)HAL_USB_USART_Receive_Data(_serial, false));
 80a0c76:	2100      	movs	r1, #0
 80a0c78:	7c00      	ldrb	r0, [r0, #16]
 80a0c7a:	f7ff fcbb 	bl	80a05f4 <HAL_USB_USART_Receive_Data>
}
 80a0c7e:	ea40 70e0 	orr.w	r0, r0, r0, asr #31
 80a0c82:	bd08      	pop	{r3, pc}

080a0c84 <_ZN9USBSerial4peekEv>:
{
 80a0c84:	b508      	push	{r3, lr}
	return std::max(-1, (int)HAL_USB_USART_Receive_Data(_serial, true));
 80a0c86:	2101      	movs	r1, #1
 80a0c88:	7c00      	ldrb	r0, [r0, #16]
 80a0c8a:	f7ff fcb3 	bl	80a05f4 <HAL_USB_USART_Receive_Data>
}
 80a0c8e:	ea40 70e0 	orr.w	r0, r0, r0, asr #31
 80a0c92:	bd08      	pop	{r3, pc}

080a0c94 <_ZN9USBSerial17availableForWriteEv>:
{
 80a0c94:	b508      	push	{r3, lr}
  return std::max(0, (int)HAL_USB_USART_Available_Data_For_Write(_serial));
 80a0c96:	7c00      	ldrb	r0, [r0, #16]
 80a0c98:	f7ff fca4 	bl	80a05e4 <HAL_USB_USART_Available_Data_For_Write>
}
 80a0c9c:	ea20 70e0 	bic.w	r0, r0, r0, asr #31
 80a0ca0:	bd08      	pop	{r3, pc}

080a0ca2 <_ZN9USBSerial9availableEv>:
{
 80a0ca2:	b508      	push	{r3, lr}
	return std::max(0, (int)HAL_USB_USART_Available_Data(_serial));
 80a0ca4:	7c00      	ldrb	r0, [r0, #16]
 80a0ca6:	f7ff fc95 	bl	80a05d4 <HAL_USB_USART_Available_Data>
}
 80a0caa:	ea20 70e0 	bic.w	r0, r0, r0, asr #31
 80a0cae:	bd08      	pop	{r3, pc}

080a0cb0 <_ZN9USBSerial5writeEh>:
{
 80a0cb0:	b538      	push	{r3, r4, r5, lr}
 80a0cb2:	4604      	mov	r4, r0
  if (HAL_USB_USART_Available_Data_For_Write(_serial) > 0 || _blocking) {
 80a0cb4:	7c00      	ldrb	r0, [r0, #16]
{
 80a0cb6:	460d      	mov	r5, r1
  if (HAL_USB_USART_Available_Data_For_Write(_serial) > 0 || _blocking) {
 80a0cb8:	f7ff fc94 	bl	80a05e4 <HAL_USB_USART_Available_Data_For_Write>
 80a0cbc:	2800      	cmp	r0, #0
 80a0cbe:	dc01      	bgt.n	80a0cc4 <_ZN9USBSerial5writeEh+0x14>
 80a0cc0:	7c60      	ldrb	r0, [r4, #17]
 80a0cc2:	b128      	cbz	r0, 80a0cd0 <_ZN9USBSerial5writeEh+0x20>
    return std::max(0, (int)HAL_USB_USART_Send_Data(_serial, byte));
 80a0cc4:	4629      	mov	r1, r5
 80a0cc6:	7c20      	ldrb	r0, [r4, #16]
 80a0cc8:	f7ff fc9c 	bl	80a0604 <HAL_USB_USART_Send_Data>
 80a0ccc:	ea20 70e0 	bic.w	r0, r0, r0, asr #31
}
 80a0cd0:	bd38      	pop	{r3, r4, r5, pc}

080a0cd2 <_ZN9USBSerial5flushEv>:
  HAL_USB_USART_Flush_Data(_serial);
 80a0cd2:	7c00      	ldrb	r0, [r0, #16]
 80a0cd4:	f7ff bc9e 	b.w	80a0614 <HAL_USB_USART_Flush_Data>

080a0cd8 <_ZN9USBSerialD0Ev>:
 80a0cd8:	b510      	push	{r4, lr}
 80a0cda:	4604      	mov	r4, r0
 80a0cdc:	2114      	movs	r1, #20
 80a0cde:	f7ff f9de 	bl	80a009e <_ZdlPvj>
 80a0ce2:	4620      	mov	r0, r4
 80a0ce4:	bd10      	pop	{r4, pc}

080a0ce6 <__tcf_1>:
 80a0ce6:	4770      	bx	lr

080a0ce8 <_ZN9USBSerialC1E20HAL_USB_USART_SerialRK20HAL_USB_USART_Config>:
USBSerial::USBSerial(HAL_USB_USART_Serial serial, const HAL_USB_USART_Config& conf)
 80a0ce8:	b510      	push	{r4, lr}
    virtual int available() = 0;
    virtual int read() = 0;
    virtual int peek() = 0;
    virtual void flush() = 0;

    Stream() {_timeout=1000;}
 80a0cea:	f44f 737a 	mov.w	r3, #1000	; 0x3e8
 80a0cee:	4604      	mov	r4, r0
 80a0cf0:	4608      	mov	r0, r1
 80a0cf2:	2100      	movs	r1, #0
 80a0cf4:	e9c4 1301 	strd	r1, r3, [r4, #4]
 80a0cf8:	4b04      	ldr	r3, [pc, #16]	; (80a0d0c <_ZN9USBSerialC1E20HAL_USB_USART_SerialRK20HAL_USB_USART_Config+0x24>)
  _serial = serial;
 80a0cfa:	7420      	strb	r0, [r4, #16]
USBSerial::USBSerial(HAL_USB_USART_Serial serial, const HAL_USB_USART_Config& conf)
 80a0cfc:	6023      	str	r3, [r4, #0]
  _blocking = true;
 80a0cfe:	2301      	movs	r3, #1
  HAL_USB_USART_Init(_serial, &conf);
 80a0d00:	4611      	mov	r1, r2
  _blocking = true;
 80a0d02:	7463      	strb	r3, [r4, #17]
  HAL_USB_USART_Init(_serial, &conf);
 80a0d04:	f7ff fc5e 	bl	80a05c4 <HAL_USB_USART_Init>
}
 80a0d08:	4620      	mov	r0, r4
 80a0d0a:	bd10      	pop	{r4, pc}
 80a0d0c:	080a1d00 	.word	0x080a1d00

080a0d10 <_Z19acquireSerialBufferv>:
{
 80a0d10:	b510      	push	{r4, lr}
 80a0d12:	4604      	mov	r4, r0
  HAL_USB_USART_Config conf = {};
 80a0d14:	2214      	movs	r2, #20
 80a0d16:	2100      	movs	r1, #0
 80a0d18:	f000 fef8 	bl	80a1b0c <memset>
  conf.rx_buffer = serial_rx_buffer;
 80a0d1c:	4b05      	ldr	r3, [pc, #20]	; (80a0d34 <_Z19acquireSerialBufferv+0x24>)
}
 80a0d1e:	4620      	mov	r0, r4
  conf.rx_buffer = serial_rx_buffer;
 80a0d20:	6063      	str	r3, [r4, #4]
  conf.tx_buffer = serial_tx_buffer;
 80a0d22:	4b05      	ldr	r3, [pc, #20]	; (80a0d38 <_Z19acquireSerialBufferv+0x28>)
 80a0d24:	60e3      	str	r3, [r4, #12]
  conf.rx_buffer_size = USB_RX_BUFFER_SIZE;
 80a0d26:	f240 1301 	movw	r3, #257	; 0x101
 80a0d2a:	8123      	strh	r3, [r4, #8]
  conf.tx_buffer_size = USB_TX_BUFFER_SIZE;
 80a0d2c:	2381      	movs	r3, #129	; 0x81
 80a0d2e:	8223      	strh	r3, [r4, #16]
}
 80a0d30:	bd10      	pop	{r4, pc}
 80a0d32:	bf00      	nop
 80a0d34:	2000069c 	.word	0x2000069c
 80a0d38:	2000079d 	.word	0x2000079d

080a0d3c <_Z16_fetch_usbserialv>:
{
 80a0d3c:	b530      	push	{r4, r5, lr}
	static USBSerial _usbserial(HAL_USB_USART_SERIAL, conf);
 80a0d3e:	4d0e      	ldr	r5, [pc, #56]	; (80a0d78 <_Z16_fetch_usbserialv+0x3c>)
{
 80a0d40:	b087      	sub	sp, #28
  HAL_USB_USART_Config conf = acquireSerialBuffer();
 80a0d42:	a801      	add	r0, sp, #4
 80a0d44:	f7ff ffe4 	bl	80a0d10 <_Z19acquireSerialBufferv>
	static USBSerial _usbserial(HAL_USB_USART_SERIAL, conf);
 80a0d48:	7829      	ldrb	r1, [r5, #0]
 80a0d4a:	f3bf 8f5b 	dmb	ish
 80a0d4e:	f011 0401 	ands.w	r4, r1, #1
 80a0d52:	d10e      	bne.n	80a0d72 <_Z16_fetch_usbserialv+0x36>
 80a0d54:	4628      	mov	r0, r5
 80a0d56:	f7ff f9a4 	bl	80a00a2 <__cxa_guard_acquire>
 80a0d5a:	b150      	cbz	r0, 80a0d72 <_Z16_fetch_usbserialv+0x36>
 80a0d5c:	4621      	mov	r1, r4
 80a0d5e:	aa01      	add	r2, sp, #4
 80a0d60:	4806      	ldr	r0, [pc, #24]	; (80a0d7c <_Z16_fetch_usbserialv+0x40>)
 80a0d62:	f7ff ffc1 	bl	80a0ce8 <_ZN9USBSerialC1E20HAL_USB_USART_SerialRK20HAL_USB_USART_Config>
 80a0d66:	4628      	mov	r0, r5
 80a0d68:	f7ff f9a0 	bl	80a00ac <__cxa_guard_release>
 80a0d6c:	4804      	ldr	r0, [pc, #16]	; (80a0d80 <_Z16_fetch_usbserialv+0x44>)
 80a0d6e:	f000 feb9 	bl	80a1ae4 <atexit>
	return _usbserial;
}
 80a0d72:	4802      	ldr	r0, [pc, #8]	; (80a0d7c <_Z16_fetch_usbserialv+0x40>)
 80a0d74:	b007      	add	sp, #28
 80a0d76:	bd30      	pop	{r4, r5, pc}
 80a0d78:	2000066c 	.word	0x2000066c
 80a0d7c:	20000674 	.word	0x20000674
 80a0d80:	080a0c71 	.word	0x080a0c71

080a0d84 <_Z23acquireUSBSerial1Bufferv>:

#if Wiring_USBSerial1

HAL_USB_USART_Config __attribute__((weak)) acquireUSBSerial1Buffer()
{
 80a0d84:	b510      	push	{r4, lr}
 80a0d86:	4604      	mov	r4, r0
  HAL_USB_USART_Config conf = {};
 80a0d88:	2214      	movs	r2, #20
 80a0d8a:	2100      	movs	r1, #0
 80a0d8c:	f000 febe 	bl	80a1b0c <memset>

#if defined(USB_SERIAL_USERSPACE_BUFFERS) && ((MODULE_FUNCTION == MOD_FUNC_USER_PART) || (MODULE_FUNCTION == MOD_FUNC_MONO_FIRMWARE))
  static uint8_t usbserial1_rx_buffer[USB_RX_BUFFER_SIZE];
  static uint8_t usbserial1_tx_buffer[USB_TX_BUFFER_SIZE];

  conf.rx_buffer = usbserial1_rx_buffer;
 80a0d90:	4b05      	ldr	r3, [pc, #20]	; (80a0da8 <_Z23acquireUSBSerial1Bufferv+0x24>)
  conf.rx_buffer_size = USB_RX_BUFFER_SIZE;
  conf.tx_buffer_size = USB_TX_BUFFER_SIZE;
#endif

  return conf;
}
 80a0d92:	4620      	mov	r0, r4
  conf.rx_buffer = usbserial1_rx_buffer;
 80a0d94:	6063      	str	r3, [r4, #4]
  conf.tx_buffer = usbserial1_tx_buffer;
 80a0d96:	4b05      	ldr	r3, [pc, #20]	; (80a0dac <_Z23acquireUSBSerial1Bufferv+0x28>)
 80a0d98:	60e3      	str	r3, [r4, #12]
  conf.rx_buffer_size = USB_RX_BUFFER_SIZE;
 80a0d9a:	f240 1301 	movw	r3, #257	; 0x101
 80a0d9e:	8123      	strh	r3, [r4, #8]
  conf.tx_buffer_size = USB_TX_BUFFER_SIZE;
 80a0da0:	2381      	movs	r3, #129	; 0x81
 80a0da2:	8223      	strh	r3, [r4, #16]
}
 80a0da4:	bd10      	pop	{r4, pc}
 80a0da6:	bf00      	nop
 80a0da8:	2000081e 	.word	0x2000081e
 80a0dac:	2000091f 	.word	0x2000091f

080a0db0 <_Z17_fetch_usbserial1v>:

USBSerial& _fetch_usbserial1()
{
 80a0db0:	b510      	push	{r4, lr}
  HAL_USB_USART_Config conf = acquireUSBSerial1Buffer();
  static USBSerial _usbserial1(HAL_USB_USART_SERIAL1, conf);
 80a0db2:	4c0e      	ldr	r4, [pc, #56]	; (80a0dec <_Z17_fetch_usbserial1v+0x3c>)
{
 80a0db4:	b086      	sub	sp, #24
  HAL_USB_USART_Config conf = acquireUSBSerial1Buffer();
 80a0db6:	a801      	add	r0, sp, #4
 80a0db8:	f7ff ffe4 	bl	80a0d84 <_Z23acquireUSBSerial1Bufferv>
  static USBSerial _usbserial1(HAL_USB_USART_SERIAL1, conf);
 80a0dbc:	7823      	ldrb	r3, [r4, #0]
 80a0dbe:	f3bf 8f5b 	dmb	ish
 80a0dc2:	07db      	lsls	r3, r3, #31
 80a0dc4:	d40e      	bmi.n	80a0de4 <_Z17_fetch_usbserial1v+0x34>
 80a0dc6:	4620      	mov	r0, r4
 80a0dc8:	f7ff f96b 	bl	80a00a2 <__cxa_guard_acquire>
 80a0dcc:	b150      	cbz	r0, 80a0de4 <_Z17_fetch_usbserial1v+0x34>
 80a0dce:	2101      	movs	r1, #1
 80a0dd0:	aa01      	add	r2, sp, #4
 80a0dd2:	4807      	ldr	r0, [pc, #28]	; (80a0df0 <_Z17_fetch_usbserial1v+0x40>)
 80a0dd4:	f7ff ff88 	bl	80a0ce8 <_ZN9USBSerialC1E20HAL_USB_USART_SerialRK20HAL_USB_USART_Config>
 80a0dd8:	4620      	mov	r0, r4
 80a0dda:	f7ff f967 	bl	80a00ac <__cxa_guard_release>
 80a0dde:	4805      	ldr	r0, [pc, #20]	; (80a0df4 <_Z17_fetch_usbserial1v+0x44>)
 80a0de0:	f000 fe80 	bl	80a1ae4 <atexit>
  return _usbserial1;
}
 80a0de4:	4802      	ldr	r0, [pc, #8]	; (80a0df0 <_Z17_fetch_usbserial1v+0x40>)
 80a0de6:	b006      	add	sp, #24
 80a0de8:	bd10      	pop	{r4, pc}
 80a0dea:	bf00      	nop
 80a0dec:	20000670 	.word	0x20000670
 80a0df0:	20000688 	.word	0x20000688
 80a0df4:	080a0ce7 	.word	0x080a0ce7

080a0df8 <tone>:

#include "spark_wiring_tone.h"
#include "tone_hal.h"

void tone(uint8_t pin, unsigned int frequency, unsigned long duration)
{
 80a0df8:	b5f8      	push	{r3, r4, r5, r6, r7, lr}
    if (pinAvailable(pin) && HAL_Validate_Pin_Function(pin, PF_TIMER)==PF_TIMER) {
 80a0dfa:	b287      	uxth	r7, r0
{
 80a0dfc:	4604      	mov	r4, r0
    if (pinAvailable(pin) && HAL_Validate_Pin_Function(pin, PF_TIMER)==PF_TIMER) {
 80a0dfe:	4638      	mov	r0, r7
{
 80a0e00:	460d      	mov	r5, r1
 80a0e02:	4616      	mov	r6, r2
    if (pinAvailable(pin) && HAL_Validate_Pin_Function(pin, PF_TIMER)==PF_TIMER) {
 80a0e04:	f000 f986 	bl	80a1114 <pinAvailable>
 80a0e08:	b160      	cbz	r0, 80a0e24 <tone+0x2c>
 80a0e0a:	2102      	movs	r1, #2
 80a0e0c:	4638      	mov	r0, r7
 80a0e0e:	f7ff faff 	bl	80a0410 <HAL_Validate_Pin_Function>
 80a0e12:	2802      	cmp	r0, #2
 80a0e14:	d106      	bne.n	80a0e24 <tone+0x2c>
        HAL_Tone_Start(pin, frequency, duration);
 80a0e16:	4632      	mov	r2, r6
 80a0e18:	4629      	mov	r1, r5
 80a0e1a:	4620      	mov	r0, r4
    }
}
 80a0e1c:	e8bd 40f8 	ldmia.w	sp!, {r3, r4, r5, r6, r7, lr}
        HAL_Tone_Start(pin, frequency, duration);
 80a0e20:	f7ff bbc0 	b.w	80a05a4 <HAL_Tone_Start>
}
 80a0e24:	bdf8      	pop	{r3, r4, r5, r6, r7, pc}

080a0e26 <noTone>:

void noTone(uint8_t pin)
{
 80a0e26:	b538      	push	{r3, r4, r5, lr}
    if (pinAvailable(pin) && HAL_Validate_Pin_Function(pin, PF_TIMER)==PF_TIMER) {
 80a0e28:	b285      	uxth	r5, r0
{
 80a0e2a:	4604      	mov	r4, r0
    if (pinAvailable(pin) && HAL_Validate_Pin_Function(pin, PF_TIMER)==PF_TIMER) {
 80a0e2c:	4628      	mov	r0, r5
 80a0e2e:	f000 f971 	bl	80a1114 <pinAvailable>
 80a0e32:	b150      	cbz	r0, 80a0e4a <noTone+0x24>
 80a0e34:	2102      	movs	r1, #2
 80a0e36:	4628      	mov	r0, r5
 80a0e38:	f7ff faea 	bl	80a0410 <HAL_Validate_Pin_Function>
 80a0e3c:	2802      	cmp	r0, #2
 80a0e3e:	d104      	bne.n	80a0e4a <noTone+0x24>
        HAL_Tone_Stop(pin);
 80a0e40:	4620      	mov	r0, r4
    }
}
 80a0e42:	e8bd 4038 	ldmia.w	sp!, {r3, r4, r5, lr}
        HAL_Tone_Stop(pin);
 80a0e46:	f7ff bbb5 	b.w	80a05b4 <HAL_Tone_Stop>
}
 80a0e4a:	bd38      	pop	{r3, r4, r5, pc}

080a0e4c <_ZN11USARTSerialD1Ev>:
private:
  hal_usart_interface_t _serial;
  bool _blocking;
public:
  USARTSerial(hal_usart_interface_t serial, const hal_usart_buffer_config_t& config);
  virtual ~USARTSerial() {};
 80a0e4c:	4770      	bx	lr

080a0e4e <_ZN11USARTSerial14blockOnOverrunEb>:
    hal_usart_half_duplex(_serial, Enable);
}

void USARTSerial::blockOnOverrun(bool block)
{
  _blocking = block;
 80a0e4e:	7441      	strb	r1, [r0, #17]
}
 80a0e50:	4770      	bx	lr

080a0e52 <_ZN11USARTSerial17availableForWriteEv>:


int USARTSerial::availableForWrite(void)
{
 80a0e52:	b508      	push	{r3, lr}
  return std::max(0, (int)hal_usart_available_data_for_write(_serial));
 80a0e54:	7c00      	ldrb	r0, [r0, #16]
 80a0e56:	f7ff fb4b 	bl	80a04f0 <hal_usart_available_data_for_write>
}
 80a0e5a:	ea20 70e0 	bic.w	r0, r0, r0, asr #31
 80a0e5e:	bd08      	pop	{r3, pc}

080a0e60 <_ZN11USARTSerial9availableEv>:

int USARTSerial::available(void)
{
 80a0e60:	b508      	push	{r3, lr}
  return std::max(0, (int)hal_usart_available(_serial));
 80a0e62:	7c00      	ldrb	r0, [r0, #16]
 80a0e64:	f7ff fb1c 	bl	80a04a0 <hal_usart_available>
}
 80a0e68:	ea20 70e0 	bic.w	r0, r0, r0, asr #31
 80a0e6c:	bd08      	pop	{r3, pc}

080a0e6e <_ZN11USARTSerial4peekEv>:

int USARTSerial::peek(void)
{
 80a0e6e:	b508      	push	{r3, lr}
  return std::max(-1, (int)hal_usart_peek(_serial));
 80a0e70:	7c00      	ldrb	r0, [r0, #16]
 80a0e72:	f7ff fb25 	bl	80a04c0 <hal_usart_peek>
}
 80a0e76:	ea40 70e0 	orr.w	r0, r0, r0, asr #31
 80a0e7a:	bd08      	pop	{r3, pc}

080a0e7c <_ZN11USARTSerial4readEv>:

int USARTSerial::read(void)
{
 80a0e7c:	b508      	push	{r3, lr}
  return std::max(-1, (int)hal_usart_read(_serial));
 80a0e7e:	7c00      	ldrb	r0, [r0, #16]
 80a0e80:	f7ff fb16 	bl	80a04b0 <hal_usart_read>
}
 80a0e84:	ea40 70e0 	orr.w	r0, r0, r0, asr #31
 80a0e88:	bd08      	pop	{r3, pc}

080a0e8a <_ZN11USARTSerial5flushEv>:

void USARTSerial::flush()
{
  hal_usart_flush(_serial);
 80a0e8a:	7c00      	ldrb	r0, [r0, #16]
 80a0e8c:	f7ff bb20 	b.w	80a04d0 <hal_usart_flush>

080a0e90 <_ZN11USARTSerial5writeEh>:
}

size_t USARTSerial::write(uint8_t c)
{
 80a0e90:	b570      	push	{r4, r5, r6, lr}
  // attempt a write if blocking, or for non-blocking if there is room.
  if (_blocking || hal_usart_available_data_for_write(_serial) > 0) {
 80a0e92:	7c46      	ldrb	r6, [r0, #17]
{
 80a0e94:	4604      	mov	r4, r0
 80a0e96:	460d      	mov	r5, r1
  if (_blocking || hal_usart_available_data_for_write(_serial) > 0) {
 80a0e98:	b12e      	cbz	r6, 80a0ea6 <_ZN11USARTSerial5writeEh+0x16>
    // the HAL always blocks.
	  return hal_usart_write(_serial, c);
 80a0e9a:	4629      	mov	r1, r5
 80a0e9c:	7c20      	ldrb	r0, [r4, #16]
  }
  return 0;
}
 80a0e9e:	e8bd 4070 	ldmia.w	sp!, {r4, r5, r6, lr}
	  return hal_usart_write(_serial, c);
 80a0ea2:	f7ff baf5 	b.w	80a0490 <hal_usart_write>
  if (_blocking || hal_usart_available_data_for_write(_serial) > 0) {
 80a0ea6:	7c00      	ldrb	r0, [r0, #16]
 80a0ea8:	f7ff fb22 	bl	80a04f0 <hal_usart_available_data_for_write>
 80a0eac:	2800      	cmp	r0, #0
 80a0eae:	dcf4      	bgt.n	80a0e9a <_ZN11USARTSerial5writeEh+0xa>
}
 80a0eb0:	4630      	mov	r0, r6
 80a0eb2:	bd70      	pop	{r4, r5, r6, pc}

080a0eb4 <_ZN11USARTSerialD0Ev>:
 80a0eb4:	b510      	push	{r4, lr}
 80a0eb6:	4604      	mov	r4, r0
 80a0eb8:	2114      	movs	r1, #20
 80a0eba:	f7ff f8f0 	bl	80a009e <_ZdlPvj>
 80a0ebe:	4620      	mov	r0, r4
 80a0ec0:	bd10      	pop	{r4, pc}
	...

080a0ec4 <_ZN11USARTSerialC1E21hal_usart_interface_tRK25hal_usart_buffer_config_t>:
USARTSerial::USARTSerial(hal_usart_interface_t serial, const hal_usart_buffer_config_t& config)
 80a0ec4:	b510      	push	{r4, lr}
 80a0ec6:	f44f 737a 	mov.w	r3, #1000	; 0x3e8
 80a0eca:	4604      	mov	r4, r0
 80a0ecc:	4608      	mov	r0, r1
 80a0ece:	4611      	mov	r1, r2
 80a0ed0:	2200      	movs	r2, #0
 80a0ed2:	e9c4 2301 	strd	r2, r3, [r4, #4]
 80a0ed6:	4b04      	ldr	r3, [pc, #16]	; (80a0ee8 <_ZN11USARTSerialC1E21hal_usart_interface_tRK25hal_usart_buffer_config_t+0x24>)
  _serial = serial;
 80a0ed8:	7420      	strb	r0, [r4, #16]
USARTSerial::USARTSerial(hal_usart_interface_t serial, const hal_usart_buffer_config_t& config)
 80a0eda:	6023      	str	r3, [r4, #0]
  _blocking = true;
 80a0edc:	2301      	movs	r3, #1
 80a0ede:	7463      	strb	r3, [r4, #17]
  hal_usart_init_ex(serial, &config, nullptr);
 80a0ee0:	f7ff fb0e 	bl	80a0500 <hal_usart_init_ex>
}
 80a0ee4:	4620      	mov	r0, r4
 80a0ee6:	bd10      	pop	{r4, pc}
 80a0ee8:	080a1d30 	.word	0x080a1d30

080a0eec <_ZN7TwoWireD1Ev>:
private:
  hal_i2c_interface_t _i2c;

public:
  TwoWire(hal_i2c_interface_t i2c, const hal_i2c_config_t& config);
  virtual ~TwoWire() {};
 80a0eec:	4770      	bx	lr

080a0eee <_ZN7TwoWire5writeEPKhj>:

// must be called in:
// slave tx event callback
// or after beginTransmission(address)
size_t TwoWire::write(const uint8_t *data, size_t quantity)
{
 80a0eee:	b5f8      	push	{r3, r4, r5, r6, r7, lr}
 80a0ef0:	4606      	mov	r6, r0
 80a0ef2:	4615      	mov	r5, r2
 80a0ef4:	460c      	mov	r4, r1
 80a0ef6:	188f      	adds	r7, r1, r2
  // in master/slave transmitter mode
  for(size_t i = 0; i < quantity; ++i)
 80a0ef8:	42bc      	cmp	r4, r7
 80a0efa:	d006      	beq.n	80a0f0a <_ZN7TwoWire5writeEPKhj+0x1c>
  {
    write(data[i]);
 80a0efc:	6833      	ldr	r3, [r6, #0]
 80a0efe:	4630      	mov	r0, r6
 80a0f00:	689b      	ldr	r3, [r3, #8]
 80a0f02:	f814 1b01 	ldrb.w	r1, [r4], #1
 80a0f06:	4798      	blx	r3
  for(size_t i = 0; i < quantity; ++i)
 80a0f08:	e7f6      	b.n	80a0ef8 <_ZN7TwoWire5writeEPKhj+0xa>
  }

  return quantity;
}
 80a0f0a:	4628      	mov	r0, r5
 80a0f0c:	bdf8      	pop	{r3, r4, r5, r6, r7, pc}

080a0f0e <_ZN7TwoWire5writeEh>:
  return hal_i2c_write(_i2c, data, NULL);
 80a0f0e:	2200      	movs	r2, #0
 80a0f10:	7c00      	ldrb	r0, [r0, #16]
 80a0f12:	f7ff bafd 	b.w	80a0510 <hal_i2c_write>

080a0f16 <_ZN7TwoWire9availableEv>:
// must be called in:
// slave rx event callback
// or after requestFrom(address, numBytes)
int TwoWire::available(void)
{
  return hal_i2c_available(_i2c, NULL);
 80a0f16:	2100      	movs	r1, #0
 80a0f18:	7c00      	ldrb	r0, [r0, #16]
 80a0f1a:	f7ff bb01 	b.w	80a0520 <hal_i2c_available>

080a0f1e <_ZN7TwoWire4readEv>:
// must be called in:
// slave rx event callback
// or after requestFrom(address, numBytes)
int TwoWire::read(void)
{
  return hal_i2c_read(_i2c, NULL);
 80a0f1e:	2100      	movs	r1, #0
 80a0f20:	7c00      	ldrb	r0, [r0, #16]
 80a0f22:	f7ff bb05 	b.w	80a0530 <hal_i2c_read>

080a0f26 <_ZN7TwoWire4peekEv>:
// must be called in:
// slave rx event callback
// or after requestFrom(address, numBytes)
int TwoWire::peek(void)
{
  return hal_i2c_peek(_i2c, NULL);
 80a0f26:	2100      	movs	r1, #0
 80a0f28:	7c00      	ldrb	r0, [r0, #16]
 80a0f2a:	f7ff bb09 	b.w	80a0540 <hal_i2c_peek>

080a0f2e <_ZN7TwoWire5flushEv>:
}

void TwoWire::flush(void)
{
  hal_i2c_flush(_i2c, NULL);
 80a0f2e:	2100      	movs	r1, #0
 80a0f30:	7c00      	ldrb	r0, [r0, #16]
 80a0f32:	f7ff bb0d 	b.w	80a0550 <hal_i2c_flush>

080a0f36 <_ZN7TwoWireD0Ev>:
 80a0f36:	b510      	push	{r4, lr}
 80a0f38:	4604      	mov	r4, r0
 80a0f3a:	2114      	movs	r1, #20
 80a0f3c:	f7ff f8af 	bl	80a009e <_ZdlPvj>
 80a0f40:	4620      	mov	r0, r4
 80a0f42:	bd10      	pop	{r4, pc}

080a0f44 <_ZN7TwoWireC1E19hal_i2c_interface_tRK16hal_i2c_config_t>:
TwoWire::TwoWire(hal_i2c_interface_t i2c, const hal_i2c_config_t& conf)
 80a0f44:	b510      	push	{r4, lr}
 80a0f46:	f44f 737a 	mov.w	r3, #1000	; 0x3e8
 80a0f4a:	4604      	mov	r4, r0
 80a0f4c:	4608      	mov	r0, r1
 80a0f4e:	2100      	movs	r1, #0
 80a0f50:	e9c4 1301 	strd	r1, r3, [r4, #4]
 80a0f54:	4b03      	ldr	r3, [pc, #12]	; (80a0f64 <_ZN7TwoWireC1E19hal_i2c_interface_tRK16hal_i2c_config_t+0x20>)
  hal_i2c_init(_i2c, &conf);
 80a0f56:	4611      	mov	r1, r2
TwoWire::TwoWire(hal_i2c_interface_t i2c, const hal_i2c_config_t& conf)
 80a0f58:	6023      	str	r3, [r4, #0]
  _i2c = i2c;
 80a0f5a:	7420      	strb	r0, [r4, #16]
  hal_i2c_init(_i2c, &conf);
 80a0f5c:	f7ff fb08 	bl	80a0570 <hal_i2c_init>
}
 80a0f60:	4620      	mov	r0, r4
 80a0f62:	bd10      	pop	{r4, pc}
 80a0f64:	080a1d60 	.word	0x080a1d60

080a0f68 <_ZN5spark9WiFiClass5readyEv>:
    bool connecting(void) {
        return network_connecting(*this, 0, NULL);
    }

    bool ready(void) {
        return network_ready(*this, 0, NULL);
 80a0f68:	2200      	movs	r2, #0
 80a0f6a:	6840      	ldr	r0, [r0, #4]
 80a0f6c:	4611      	mov	r1, r2
 80a0f6e:	f7ff bb9d 	b.w	80a06ac <network_ready>

080a0f72 <_ZN5spark9WiFiClass7resolveEPKc>:
    bool clearCredentials(void) {
        return network_clear_credentials(*this, 0, NULL, NULL);
    }

#if !HAL_USE_INET_HAL_POSIX
    IPAddress resolve(const char* name)
 80a0f72:	b5f0      	push	{r4, r5, r6, r7, lr}
 80a0f74:	4615      	mov	r5, r2
 80a0f76:	b089      	sub	sp, #36	; 0x24
    {
        HAL_IPAddress ip = {};
 80a0f78:	2211      	movs	r2, #17
    IPAddress resolve(const char* name)
 80a0f7a:	460e      	mov	r6, r1
 80a0f7c:	4604      	mov	r4, r0
        HAL_IPAddress ip = {};
 80a0f7e:	2100      	movs	r1, #0
 80a0f80:	a803      	add	r0, sp, #12
 80a0f82:	f000 fdc3 	bl	80a1b0c <memset>
        return (inet_gethostbyname(name, strlen(name), &ip, *this, NULL) != 0) ?
 80a0f86:	4628      	mov	r0, r5
 80a0f88:	f000 fe00 	bl	80a1b8c <strlen>
 80a0f8c:	2700      	movs	r7, #0
 80a0f8e:	b281      	uxth	r1, r0
 80a0f90:	6873      	ldr	r3, [r6, #4]
 80a0f92:	4628      	mov	r0, r5
 80a0f94:	9700      	str	r7, [sp, #0]
 80a0f96:	aa03      	add	r2, sp, #12
 80a0f98:	f7ff fb44 	bl	80a0624 <inet_gethostbyname>
                IPAddress(uint32_t(0)) : IPAddress(ip);
 80a0f9c:	b130      	cbz	r0, 80a0fac <_ZN5spark9WiFiClass7resolveEPKc+0x3a>
 80a0f9e:	4639      	mov	r1, r7
 80a0fa0:	4620      	mov	r0, r4
 80a0fa2:	f7ff fe41 	bl	80a0c28 <_ZN9IPAddressC1Em>
    }
 80a0fa6:	4620      	mov	r0, r4
 80a0fa8:	b009      	add	sp, #36	; 0x24
 80a0faa:	bdf0      	pop	{r4, r5, r6, r7, pc}
                IPAddress(uint32_t(0)) : IPAddress(ip);
 80a0fac:	4620      	mov	r0, r4
 80a0fae:	a903      	add	r1, sp, #12
 80a0fb0:	f7ff fe28 	bl	80a0c04 <_ZN9IPAddressC1ERK16_HAL_IPAddress_t>
 80a0fb4:	e7f7      	b.n	80a0fa6 <_ZN5spark9WiFiClass7resolveEPKc+0x34>

080a0fb6 <_ZN5spark9WiFiClass9listeningEv>:
        return network_listening(*this, 0, NULL);
 80a0fb6:	2200      	movs	r2, #0
 80a0fb8:	6840      	ldr	r0, [r0, #4]
 80a0fba:	4611      	mov	r1, r2
 80a0fbc:	f7ff bb96 	b.w	80a06ec <network_listening>

080a0fc0 <_ZN5spark9WiFiClass16getListenTimeoutEv>:
        return network_get_listen_timeout(*this, 0, NULL);
 80a0fc0:	2200      	movs	r2, #0
 80a0fc2:	6840      	ldr	r0, [r0, #4]
 80a0fc4:	4611      	mov	r1, r2
 80a0fc6:	f7ff bba1 	b.w	80a070c <network_get_listen_timeout>

080a0fca <_ZN5spark9WiFiClass16setListenTimeoutEt>:
        network_set_listen_timeout(*this, timeout, NULL);
 80a0fca:	2200      	movs	r2, #0
 80a0fcc:	6840      	ldr	r0, [r0, #4]
 80a0fce:	f7ff bb95 	b.w	80a06fc <network_set_listen_timeout>

080a0fd2 <_ZN5spark9WiFiClass6listenEb>:
        network_listen(*this, begin ? 0 : 1, NULL);
 80a0fd2:	2200      	movs	r2, #0
 80a0fd4:	6840      	ldr	r0, [r0, #4]
 80a0fd6:	f081 0101 	eor.w	r1, r1, #1
 80a0fda:	f7ff bb7f 	b.w	80a06dc <network_listen>

080a0fde <_ZN5spark9WiFiClass3offEv>:
        network_off(*this, 0, 0, NULL);
 80a0fde:	2300      	movs	r3, #0
 80a0fe0:	6840      	ldr	r0, [r0, #4]
 80a0fe2:	461a      	mov	r2, r3
 80a0fe4:	4619      	mov	r1, r3
 80a0fe6:	f7ff bb71 	b.w	80a06cc <network_off>

080a0fea <_ZN5spark9WiFiClass2onEv>:
        network_on(*this, 0, 0, NULL);
 80a0fea:	2300      	movs	r3, #0
 80a0fec:	6840      	ldr	r0, [r0, #4]
 80a0fee:	461a      	mov	r2, r3
 80a0ff0:	4619      	mov	r1, r3
 80a0ff2:	f7ff bb63 	b.w	80a06bc <network_on>

080a0ff6 <_ZN5spark9WiFiClass10connectingEv>:
        return network_connecting(*this, 0, NULL);
 80a0ff6:	2200      	movs	r2, #0
 80a0ff8:	6840      	ldr	r0, [r0, #4]
 80a0ffa:	4611      	mov	r1, r2
 80a0ffc:	f7ff bb46 	b.w	80a068c <network_connecting>

080a1000 <_ZN5spark9WiFiClass10disconnectEv>:
        network_disconnect(*this, NETWORK_DISCONNECT_REASON_USER, NULL);
 80a1000:	2200      	movs	r2, #0
 80a1002:	2102      	movs	r1, #2
 80a1004:	6840      	ldr	r0, [r0, #4]
 80a1006:	f7ff bb49 	b.w	80a069c <network_disconnect>

080a100a <_ZN5spark9WiFiClass7connectEj>:
        network_connect(*this, flags, 0, NULL);
 80a100a:	2300      	movs	r3, #0
 80a100c:	6840      	ldr	r0, [r0, #4]
 80a100e:	461a      	mov	r2, r3
 80a1010:	f7ff bb34 	b.w	80a067c <network_connect>

080a1014 <_GLOBAL__sub_I__ZN10WiFiSignalC2ERK21wlan_connected_info_t>:
    static NetworkClass& from(network_interface_t nif);

    virtual IPAddress resolve(const char* name);

    explicit NetworkClass(network_interface_t iface)
            : iface_(iface) {
 80a1014:	2204      	movs	r2, #4
 80a1016:	4b02      	ldr	r3, [pc, #8]	; (80a1020 <_GLOBAL__sub_I__ZN10WiFiSignalC2ERK21wlan_connected_info_t+0xc>)
 80a1018:	605a      	str	r2, [r3, #4]
            NetworkClass(NETWORK_INTERFACE_WIFI_STA) {
 80a101a:	4a02      	ldr	r2, [pc, #8]	; (80a1024 <_GLOBAL__sub_I__ZN10WiFiSignalC2ERK21wlan_connected_info_t+0x10>)
 80a101c:	601a      	str	r2, [r3, #0]
the same way.
*****************************************************************************/

    WiFiClass WiFi;
    // NetworkClass& Network = WiFi;
}
 80a101e:	4770      	bx	lr
 80a1020:	200009a0 	.word	0x200009a0
 80a1024:	080a1d88 	.word	0x080a1d88

080a1028 <_ZN5spark12NetworkClass7connectEj>:
        return Network;
    }
}

void NetworkClass::connect(unsigned flags) {
    network_connect(*this, flags, 0, nullptr);
 80a1028:	2300      	movs	r3, #0
 80a102a:	6840      	ldr	r0, [r0, #4]
 80a102c:	461a      	mov	r2, r3
 80a102e:	f7ff bb25 	b.w	80a067c <network_connect>

080a1032 <_ZN5spark12NetworkClass10disconnectEv>:
}

void NetworkClass::disconnect() {
    network_disconnect(*this, NETWORK_DISCONNECT_REASON_USER, nullptr);
 80a1032:	2200      	movs	r2, #0
 80a1034:	2102      	movs	r1, #2
 80a1036:	6840      	ldr	r0, [r0, #4]
 80a1038:	f7ff bb30 	b.w	80a069c <network_disconnect>

080a103c <_ZN5spark12NetworkClass10connectingEv>:
}

bool NetworkClass::connecting() {
    return network_connecting(*this, 0, nullptr);
 80a103c:	2200      	movs	r2, #0
 80a103e:	6840      	ldr	r0, [r0, #4]
 80a1040:	4611      	mov	r1, r2
 80a1042:	f7ff bb23 	b.w	80a068c <network_connecting>

080a1046 <_ZN5spark12NetworkClass5readyEv>:
}

bool NetworkClass::ready() {
    return network_ready(*this, 0, nullptr);
 80a1046:	2200      	movs	r2, #0
 80a1048:	6840      	ldr	r0, [r0, #4]
 80a104a:	4611      	mov	r1, r2
 80a104c:	f7ff bb2e 	b.w	80a06ac <network_ready>

080a1050 <_ZN5spark12NetworkClass2onEv>:
}

void NetworkClass::on() {
    network_on(*this, 0, 0, nullptr);
 80a1050:	2300      	movs	r3, #0
 80a1052:	6840      	ldr	r0, [r0, #4]
 80a1054:	461a      	mov	r2, r3
 80a1056:	4619      	mov	r1, r3
 80a1058:	f7ff bb30 	b.w	80a06bc <network_on>

080a105c <_ZN5spark12NetworkClass3offEv>:
}

void NetworkClass::off() {
    network_off(*this, 0, 0, nullptr);
 80a105c:	2300      	movs	r3, #0
 80a105e:	6840      	ldr	r0, [r0, #4]
 80a1060:	461a      	mov	r2, r3
 80a1062:	4619      	mov	r1, r3
 80a1064:	f7ff bb32 	b.w	80a06cc <network_off>

080a1068 <_ZN5spark12NetworkClass4isOnEv>:
}

bool NetworkClass::isOn() {
    return network_is_on(*this, nullptr);
 80a1068:	2100      	movs	r1, #0
 80a106a:	6840      	ldr	r0, [r0, #4]
 80a106c:	f7ff bb56 	b.w	80a071c <network_is_on>

080a1070 <_ZN5spark12NetworkClass5isOffEv>:
}

bool NetworkClass::isOff() {
    return network_is_off(*this, nullptr);
 80a1070:	2100      	movs	r1, #0
 80a1072:	6840      	ldr	r0, [r0, #4]
 80a1074:	f7ff bb5a 	b.w	80a072c <network_is_off>

080a1078 <_ZN5spark12NetworkClass6listenEb>:
}

void NetworkClass::listen(bool begin) {
    network_listen(*this, begin ? 0 : 1, nullptr);
 80a1078:	2200      	movs	r2, #0
 80a107a:	6840      	ldr	r0, [r0, #4]
 80a107c:	f081 0101 	eor.w	r1, r1, #1
 80a1080:	f7ff bb2c 	b.w	80a06dc <network_listen>

080a1084 <_ZN5spark12NetworkClass16setListenTimeoutEt>:
}

void NetworkClass::setListenTimeout(uint16_t timeout) {
    network_set_listen_timeout(*this, timeout, nullptr);
 80a1084:	2200      	movs	r2, #0
 80a1086:	6840      	ldr	r0, [r0, #4]
 80a1088:	f7ff bb38 	b.w	80a06fc <network_set_listen_timeout>

080a108c <_ZN5spark12NetworkClass16getListenTimeoutEv>:
}

uint16_t NetworkClass::getListenTimeout() {
    return network_get_listen_timeout(*this, 0, nullptr);
 80a108c:	2200      	movs	r2, #0
 80a108e:	6840      	ldr	r0, [r0, #4]
 80a1090:	4611      	mov	r1, r2
 80a1092:	f7ff bb3b 	b.w	80a070c <network_get_listen_timeout>

080a1096 <_ZN5spark12NetworkClass9listeningEv>:
}

bool NetworkClass::listening() {
    return network_listening(*this, 0, nullptr);
 80a1096:	2200      	movs	r2, #0
 80a1098:	6840      	ldr	r0, [r0, #4]
 80a109a:	4611      	mov	r1, r2
 80a109c:	f7ff bb26 	b.w	80a06ec <network_listening>

080a10a0 <_ZN5spark12NetworkClass7resolveEPKc>:
}

IPAddress NetworkClass::resolve(const char* name) {
 80a10a0:	b570      	push	{r4, r5, r6, lr}
 80a10a2:	4615      	mov	r5, r2
 80a10a4:	b08e      	sub	sp, #56	; 0x38
 80a10a6:	4604      	mov	r4, r0
    IPAddress addr;
 80a10a8:	a808      	add	r0, sp, #32
 80a10aa:	f7ff fd9d 	bl	80a0be8 <_ZN9IPAddressC1Ev>
        HAL_IPAddress ip = {};
 80a10ae:	2211      	movs	r2, #17
 80a10b0:	2100      	movs	r1, #0
 80a10b2:	a803      	add	r0, sp, #12
 80a10b4:	f000 fd2a 	bl	80a1b0c <memset>
        return (inet_gethostbyname(name, strlen(name), &ip, *this, NULL) != 0) ?
 80a10b8:	2600      	movs	r6, #0
 80a10ba:	4628      	mov	r0, r5
 80a10bc:	f000 fd66 	bl	80a1b8c <strlen>
 80a10c0:	4b0a      	ldr	r3, [pc, #40]	; (80a10ec <_ZN5spark12NetworkClass7resolveEPKc+0x4c>)
 80a10c2:	9600      	str	r6, [sp, #0]
 80a10c4:	b281      	uxth	r1, r0
 80a10c6:	685b      	ldr	r3, [r3, #4]
 80a10c8:	4628      	mov	r0, r5
 80a10ca:	aa03      	add	r2, sp, #12
 80a10cc:	f7ff faaa 	bl	80a0624 <inet_gethostbyname>
                IPAddress(uint32_t(0)) : IPAddress(ip);
 80a10d0:	b130      	cbz	r0, 80a10e0 <_ZN5spark12NetworkClass7resolveEPKc+0x40>
 80a10d2:	4631      	mov	r1, r6
 80a10d4:	4620      	mov	r0, r4
 80a10d6:	f7ff fda7 	bl	80a0c28 <_ZN9IPAddressC1Em>
    return Cellular.resolve(name);
#endif // Wiring_Cellular

#endif // HAL_USE_INET_HAL_POSIX
    return addr;
}
 80a10da:	4620      	mov	r0, r4
 80a10dc:	b00e      	add	sp, #56	; 0x38
 80a10de:	bd70      	pop	{r4, r5, r6, pc}
 80a10e0:	4620      	mov	r0, r4
 80a10e2:	a903      	add	r1, sp, #12
 80a10e4:	f7ff fd8e 	bl	80a0c04 <_ZN9IPAddressC1ERK16_HAL_IPAddress_t>
    virtual ~IPAddress() {}
 80a10e8:	e7f7      	b.n	80a10da <_ZN5spark12NetworkClass7resolveEPKc+0x3a>
 80a10ea:	bf00      	nop
 80a10ec:	200009a0 	.word	0x200009a0

080a10f0 <_GLOBAL__sub_I__ZN5spark7NetworkE>:
 80a10f0:	4b02      	ldr	r3, [pc, #8]	; (80a10fc <_GLOBAL__sub_I__ZN5spark7NetworkE+0xc>)
 80a10f2:	4a03      	ldr	r2, [pc, #12]	; (80a1100 <_GLOBAL__sub_I__ZN5spark7NetworkE+0x10>)
 80a10f4:	601a      	str	r2, [r3, #0]
 80a10f6:	2200      	movs	r2, #0
 80a10f8:	605a      	str	r2, [r3, #4]

} // spark
 80a10fa:	4770      	bx	lr
 80a10fc:	200009a8 	.word	0x200009a8
 80a1100:	080a1dc4 	.word	0x080a1dc4

080a1104 <__tcf_0>:
        dispose();
    }

    void dispose()
    {
        if (handle_) {
 80a1104:	4b02      	ldr	r3, [pc, #8]	; (80a1110 <__tcf_0+0xc>)
 80a1106:	6898      	ldr	r0, [r3, #8]
 80a1108:	b108      	cbz	r0, 80a110e <__tcf_0+0xa>
            os_mutex_recursive_destroy(handle_);
 80a110a:	f7ff b9b9 	b.w	80a0480 <os_mutex_recursive_destroy>

template <hal_spi_interface_t Interface>
class SpiProxy {
public:
    static SPIClass& instance() {
        static SPIClass instance(Interface);
 80a110e:	4770      	bx	lr
 80a1110:	200009b4 	.word	0x200009b4

080a1114 <pinAvailable>:
/*
 * @brief Perform safety check on desired pin to see if it's already
 * being used.  Return 0 if used, otherwise return 1 if available.
 */
bool pinAvailable(uint16_t pin) {
  if (pin >= TOTAL_PINS) {
 80a1114:	2817      	cmp	r0, #23
bool pinAvailable(uint16_t pin) {
 80a1116:	b570      	push	{r4, r5, r6, lr}
 80a1118:	4604      	mov	r4, r0
  if (pin >= TOTAL_PINS) {
 80a111a:	d901      	bls.n	80a1120 <pinAvailable+0xc>
    return false;
 80a111c:	2000      	movs	r0, #0
    return false; // 'pin' is used
  }
#endif

  return true; // 'pin' is available
}
 80a111e:	bd70      	pop	{r4, r5, r6, pc}
  if((pin == SCK || pin == MOSI || pin == MISO) && hal_spi_is_enabled(SPI.interface()) == true)
 80a1120:	f1a0 030d 	sub.w	r3, r0, #13
 80a1124:	2b02      	cmp	r3, #2
 80a1126:	d90b      	bls.n	80a1140 <pinAvailable+0x2c>
  if((pin == SCL || pin == SDA) && hal_i2c_is_enabled(Wire.interface(), nullptr) == true)
 80a1128:	2801      	cmp	r0, #1
 80a112a:	d824      	bhi.n	80a1176 <pinAvailable+0x62>
 80a112c:	f000 f8be 	bl	80a12ac <_Z19__fetch_global_Wirev>
 80a1130:	2100      	movs	r1, #0
 80a1132:	7c00      	ldrb	r0, [r0, #16]
 80a1134:	f7ff fa14 	bl	80a0560 <hal_i2c_is_enabled>
  if((pin == RX || pin == TX) && hal_usart_is_enabled(Serial1.interface()) == true)
 80a1138:	f080 0001 	eor.w	r0, r0, #1
 80a113c:	b2c0      	uxtb	r0, r0
 80a113e:	e7ee      	b.n	80a111e <pinAvailable+0xa>
 80a1140:	4e12      	ldr	r6, [pc, #72]	; (80a118c <pinAvailable+0x78>)
 80a1142:	7831      	ldrb	r1, [r6, #0]
 80a1144:	f3bf 8f5b 	dmb	ish
 80a1148:	f011 0501 	ands.w	r5, r1, #1
 80a114c:	d10d      	bne.n	80a116a <pinAvailable+0x56>
 80a114e:	4630      	mov	r0, r6
 80a1150:	f7fe ffa7 	bl	80a00a2 <__cxa_guard_acquire>
 80a1154:	b148      	cbz	r0, 80a116a <pinAvailable+0x56>
 80a1156:	4629      	mov	r1, r5
 80a1158:	480d      	ldr	r0, [pc, #52]	; (80a1190 <pinAvailable+0x7c>)
 80a115a:	f7ff fb2f 	bl	80a07bc <_ZN8SPIClassC1E19hal_spi_interface_t>
 80a115e:	4630      	mov	r0, r6
 80a1160:	f7fe ffa4 	bl	80a00ac <__cxa_guard_release>
 80a1164:	480b      	ldr	r0, [pc, #44]	; (80a1194 <pinAvailable+0x80>)
 80a1166:	f000 fcbd 	bl	80a1ae4 <atexit>
  if((pin == SCK || pin == MOSI || pin == MISO) && hal_spi_is_enabled(SPI.interface()) == true)
 80a116a:	4b09      	ldr	r3, [pc, #36]	; (80a1190 <pinAvailable+0x7c>)
 80a116c:	7818      	ldrb	r0, [r3, #0]
 80a116e:	f7ff fa11 	bl	80a0594 <hal_spi_is_enabled>
 80a1172:	2800      	cmp	r0, #0
 80a1174:	d1d2      	bne.n	80a111c <pinAvailable+0x8>
  if((pin == RX || pin == TX) && hal_usart_is_enabled(Serial1.interface()) == true)
 80a1176:	3c12      	subs	r4, #18
 80a1178:	2c01      	cmp	r4, #1
 80a117a:	d805      	bhi.n	80a1188 <pinAvailable+0x74>
 80a117c:	f000 f84c 	bl	80a1218 <_Z22__fetch_global_Serial1v>
 80a1180:	7c00      	ldrb	r0, [r0, #16]
 80a1182:	f7ff f9ad 	bl	80a04e0 <hal_usart_is_enabled>
 80a1186:	e7d7      	b.n	80a1138 <pinAvailable+0x24>
  return true; // 'pin' is available
 80a1188:	2001      	movs	r0, #1
 80a118a:	e7c8      	b.n	80a111e <pinAvailable+0xa>
 80a118c:	200009b0 	.word	0x200009b0
 80a1190:	200009b4 	.word	0x200009b4
 80a1194:	080a1105 	.word	0x080a1105

080a1198 <pinMode>:
  if(pin >= TOTAL_PINS || setMode == PIN_MODE_NONE )
 80a1198:	2817      	cmp	r0, #23
{
 80a119a:	b538      	push	{r3, r4, r5, lr}
 80a119c:	4604      	mov	r4, r0
 80a119e:	460d      	mov	r5, r1
  if(pin >= TOTAL_PINS || setMode == PIN_MODE_NONE )
 80a11a0:	d80a      	bhi.n	80a11b8 <pinMode+0x20>
 80a11a2:	29ff      	cmp	r1, #255	; 0xff
 80a11a4:	d008      	beq.n	80a11b8 <pinMode+0x20>
  if( !pinAvailable(pin) ) {
 80a11a6:	f7ff ffb5 	bl	80a1114 <pinAvailable>
 80a11aa:	b128      	cbz	r0, 80a11b8 <pinMode+0x20>
  HAL_Pin_Mode(pin, setMode);
 80a11ac:	4629      	mov	r1, r5
 80a11ae:	4620      	mov	r0, r4
}
 80a11b0:	e8bd 4038 	ldmia.w	sp!, {r3, r4, r5, lr}
  HAL_Pin_Mode(pin, setMode);
 80a11b4:	f7ff b934 	b.w	80a0420 <HAL_Pin_Mode>
}
 80a11b8:	bd38      	pop	{r3, r4, r5, pc}

080a11ba <digitalRead>:

/*
 * @brief Reads the value of a GPIO pin. Should return either 1 (HIGH) or 0 (LOW).
 */
int32_t digitalRead(pin_t pin)
{
 80a11ba:	b510      	push	{r4, lr}
 80a11bc:	4604      	mov	r4, r0
    PinMode mode = HAL_Get_Pin_Mode(pin);
 80a11be:	f7ff f937 	bl	80a0430 <HAL_Get_Pin_Mode>
    return mode == AF_OUTPUT_PUSHPULL ||
 80a11c2:	1f03      	subs	r3, r0, #4
    if (is_af_output_mode(mode))
 80a11c4:	b2db      	uxtb	r3, r3
 80a11c6:	2b01      	cmp	r3, #1
 80a11c8:	d908      	bls.n	80a11dc <digitalRead+0x22>
        return LOW;

    // Safety check
    if( !pinAvailable(pin) ) {
 80a11ca:	4620      	mov	r0, r4
 80a11cc:	f7ff ffa2 	bl	80a1114 <pinAvailable>
 80a11d0:	b120      	cbz	r0, 80a11dc <digitalRead+0x22>
      return LOW;
    }

    return HAL_GPIO_Read(pin);
 80a11d2:	4620      	mov	r0, r4
}
 80a11d4:	e8bd 4010 	ldmia.w	sp!, {r4, lr}
    return HAL_GPIO_Read(pin);
 80a11d8:	f7ff b932 	b.w	80a0440 <HAL_GPIO_Read>
}
 80a11dc:	2000      	movs	r0, #0
 80a11de:	bd10      	pop	{r4, pc}

080a11e0 <__tcf_0>:
}
#endif

USARTSerial& __fetch_global_Serial1()
{
    static USARTSerial serial1(HAL_USART_SERIAL1, acquireSerial1Buffer());
 80a11e0:	4770      	bx	lr
	...

080a11e4 <_Z20acquireSerial1Bufferv>:
{
 80a11e4:	b570      	push	{r4, r5, r6, lr}
    hal_usart_buffer_config_t config = {
 80a11e6:	2514      	movs	r5, #20
{
 80a11e8:	4604      	mov	r4, r0
    hal_usart_buffer_config_t config = {
 80a11ea:	462a      	mov	r2, r5
 80a11ec:	2100      	movs	r1, #0
 80a11ee:	f000 fc8d 	bl	80a1b0c <memset>
 80a11f2:	8025      	strh	r5, [r4, #0]
 80a11f4:	2580      	movs	r5, #128	; 0x80
        .rx_buffer = new (std::nothrow) uint8_t[bufferSize],
 80a11f6:	4e07      	ldr	r6, [pc, #28]	; (80a1214 <_Z20acquireSerial1Bufferv+0x30>)
 80a11f8:	4628      	mov	r0, r5
 80a11fa:	4631      	mov	r1, r6
    hal_usart_buffer_config_t config = {
 80a11fc:	8125      	strh	r5, [r4, #8]
 80a11fe:	8225      	strh	r5, [r4, #16]
        .rx_buffer = new (std::nothrow) uint8_t[bufferSize],
 80a1200:	f000 f878 	bl	80a12f4 <_ZnajRKSt9nothrow_t>
        .tx_buffer = new (std::nothrow) uint8_t[bufferSize],
 80a1204:	4631      	mov	r1, r6
    };
 80a1206:	6060      	str	r0, [r4, #4]
        .tx_buffer = new (std::nothrow) uint8_t[bufferSize],
 80a1208:	4628      	mov	r0, r5
 80a120a:	f000 f873 	bl	80a12f4 <_ZnajRKSt9nothrow_t>
    };
 80a120e:	60e0      	str	r0, [r4, #12]
}
 80a1210:	4620      	mov	r0, r4
 80a1212:	bd70      	pop	{r4, r5, r6, pc}
 80a1214:	080a1df8 	.word	0x080a1df8

080a1218 <_Z22__fetch_global_Serial1v>:
{
 80a1218:	b530      	push	{r4, r5, lr}
    static USARTSerial serial1(HAL_USART_SERIAL1, acquireSerial1Buffer());
 80a121a:	4d0e      	ldr	r5, [pc, #56]	; (80a1254 <_Z22__fetch_global_Serial1v+0x3c>)
{
 80a121c:	b087      	sub	sp, #28
    static USARTSerial serial1(HAL_USART_SERIAL1, acquireSerial1Buffer());
 80a121e:	7829      	ldrb	r1, [r5, #0]
 80a1220:	f3bf 8f5b 	dmb	ish
 80a1224:	f011 0401 	ands.w	r4, r1, #1
 80a1228:	d111      	bne.n	80a124e <_Z22__fetch_global_Serial1v+0x36>
 80a122a:	4628      	mov	r0, r5
 80a122c:	f7fe ff39 	bl	80a00a2 <__cxa_guard_acquire>
 80a1230:	b168      	cbz	r0, 80a124e <_Z22__fetch_global_Serial1v+0x36>
 80a1232:	a801      	add	r0, sp, #4
 80a1234:	f7ff ffd6 	bl	80a11e4 <_Z20acquireSerial1Bufferv>
 80a1238:	4621      	mov	r1, r4
 80a123a:	aa01      	add	r2, sp, #4
 80a123c:	4806      	ldr	r0, [pc, #24]	; (80a1258 <_Z22__fetch_global_Serial1v+0x40>)
 80a123e:	f7ff fe41 	bl	80a0ec4 <_ZN11USARTSerialC1E21hal_usart_interface_tRK25hal_usart_buffer_config_t>
 80a1242:	4628      	mov	r0, r5
 80a1244:	f7fe ff32 	bl	80a00ac <__cxa_guard_release>
 80a1248:	4804      	ldr	r0, [pc, #16]	; (80a125c <_Z22__fetch_global_Serial1v+0x44>)
 80a124a:	f000 fc4b 	bl	80a1ae4 <atexit>
    return serial1;
}
 80a124e:	4802      	ldr	r0, [pc, #8]	; (80a1258 <_Z22__fetch_global_Serial1v+0x40>)
 80a1250:	b007      	add	sp, #28
 80a1252:	bd30      	pop	{r4, r5, pc}
 80a1254:	200009c0 	.word	0x200009c0
 80a1258:	200009c4 	.word	0x200009c4
 80a125c:	080a11e1 	.word	0x080a11e1

080a1260 <_GLOBAL__sub_I_INADDR_NONE>:
#include "spark_wiring_ipaddress.h"

#if !HAL_USE_SOCKET_HAL_POSIX
const IPAddress INADDR_NONE(0, 0, 0, 0);
 80a1260:	2300      	movs	r3, #0
 80a1262:	b507      	push	{r0, r1, r2, lr}
 80a1264:	461a      	mov	r2, r3
 80a1266:	4619      	mov	r1, r3
 80a1268:	9300      	str	r3, [sp, #0]
 80a126a:	4803      	ldr	r0, [pc, #12]	; (80a1278 <_GLOBAL__sub_I_INADDR_NONE+0x18>)
 80a126c:	f7ff fcf2 	bl	80a0c54 <_ZN9IPAddressC1Ehhhh>
 80a1270:	b003      	add	sp, #12
 80a1272:	f85d fb04 	ldr.w	pc, [sp], #4
 80a1276:	bf00      	nop
 80a1278:	200009dc 	.word	0x200009dc

080a127c <__tcf_0>:
}
#endif

TwoWire& __fetch_global_Wire()
{
	static TwoWire wire(HAL_I2C_INTERFACE1, acquireWireBuffer());
 80a127c:	4770      	bx	lr
	...

080a1280 <_Z17acquireWireBufferv>:
{
 80a1280:	b570      	push	{r4, r5, r6, lr}
	hal_i2c_config_t config = {
 80a1282:	2314      	movs	r3, #20
 80a1284:	2520      	movs	r5, #32
		.rx_buffer = new (std::nothrow) uint8_t[I2C_BUFFER_LENGTH],
 80a1286:	4e08      	ldr	r6, [pc, #32]	; (80a12a8 <_Z17acquireWireBufferv+0x28>)
{
 80a1288:	4604      	mov	r4, r0
	hal_i2c_config_t config = {
 80a128a:	6003      	str	r3, [r0, #0]
		.rx_buffer = new (std::nothrow) uint8_t[I2C_BUFFER_LENGTH],
 80a128c:	4631      	mov	r1, r6
	hal_i2c_config_t config = {
 80a128e:	6085      	str	r5, [r0, #8]
 80a1290:	6105      	str	r5, [r0, #16]
		.rx_buffer = new (std::nothrow) uint8_t[I2C_BUFFER_LENGTH],
 80a1292:	4628      	mov	r0, r5
 80a1294:	f000 f82e 	bl	80a12f4 <_ZnajRKSt9nothrow_t>
		.tx_buffer = new (std::nothrow) uint8_t[I2C_BUFFER_LENGTH],
 80a1298:	4631      	mov	r1, r6
	};
 80a129a:	6060      	str	r0, [r4, #4]
		.tx_buffer = new (std::nothrow) uint8_t[I2C_BUFFER_LENGTH],
 80a129c:	4628      	mov	r0, r5
 80a129e:	f000 f829 	bl	80a12f4 <_ZnajRKSt9nothrow_t>
	};
 80a12a2:	60e0      	str	r0, [r4, #12]
}
 80a12a4:	4620      	mov	r0, r4
 80a12a6:	bd70      	pop	{r4, r5, r6, pc}
 80a12a8:	080a1df8 	.word	0x080a1df8

080a12ac <_Z19__fetch_global_Wirev>:
{
 80a12ac:	b530      	push	{r4, r5, lr}
	static TwoWire wire(HAL_I2C_INTERFACE1, acquireWireBuffer());
 80a12ae:	4d0e      	ldr	r5, [pc, #56]	; (80a12e8 <_Z19__fetch_global_Wirev+0x3c>)
{
 80a12b0:	b087      	sub	sp, #28
	static TwoWire wire(HAL_I2C_INTERFACE1, acquireWireBuffer());
 80a12b2:	7829      	ldrb	r1, [r5, #0]
 80a12b4:	f3bf 8f5b 	dmb	ish
 80a12b8:	f011 0401 	ands.w	r4, r1, #1
 80a12bc:	d111      	bne.n	80a12e2 <_Z19__fetch_global_Wirev+0x36>
 80a12be:	4628      	mov	r0, r5
 80a12c0:	f7fe feef 	bl	80a00a2 <__cxa_guard_acquire>
 80a12c4:	b168      	cbz	r0, 80a12e2 <_Z19__fetch_global_Wirev+0x36>
 80a12c6:	a801      	add	r0, sp, #4
 80a12c8:	f7ff ffda 	bl	80a1280 <_Z17acquireWireBufferv>
 80a12cc:	4621      	mov	r1, r4
 80a12ce:	aa01      	add	r2, sp, #4
 80a12d0:	4806      	ldr	r0, [pc, #24]	; (80a12ec <_Z19__fetch_global_Wirev+0x40>)
 80a12d2:	f7ff fe37 	bl	80a0f44 <_ZN7TwoWireC1E19hal_i2c_interface_tRK16hal_i2c_config_t>
 80a12d6:	4628      	mov	r0, r5
 80a12d8:	f7fe fee8 	bl	80a00ac <__cxa_guard_release>
 80a12dc:	4804      	ldr	r0, [pc, #16]	; (80a12f0 <_Z19__fetch_global_Wirev+0x44>)
 80a12de:	f000 fc01 	bl	80a1ae4 <atexit>
	return wire;
}
 80a12e2:	4802      	ldr	r0, [pc, #8]	; (80a12ec <_Z19__fetch_global_Wirev+0x40>)
 80a12e4:	b007      	add	sp, #28
 80a12e6:	bd30      	pop	{r4, r5, pc}
 80a12e8:	200009f4 	.word	0x200009f4
 80a12ec:	200009f8 	.word	0x200009f8
 80a12f0:	080a127d 	.word	0x080a127d

080a12f4 <_ZnajRKSt9nothrow_t>:
 80a12f4:	f7fe bed1 	b.w	80a009a <_Znaj>

080a12f8 <__aeabi_drsub>:
 80a12f8:	f081 4100 	eor.w	r1, r1, #2147483648	; 0x80000000
 80a12fc:	e002      	b.n	80a1304 <__adddf3>
 80a12fe:	bf00      	nop

080a1300 <__aeabi_dsub>:
 80a1300:	f083 4300 	eor.w	r3, r3, #2147483648	; 0x80000000

080a1304 <__adddf3>:
 80a1304:	b530      	push	{r4, r5, lr}
 80a1306:	ea4f 0441 	mov.w	r4, r1, lsl #1
 80a130a:	ea4f 0543 	mov.w	r5, r3, lsl #1
 80a130e:	ea94 0f05 	teq	r4, r5
 80a1312:	bf08      	it	eq
 80a1314:	ea90 0f02 	teqeq	r0, r2
 80a1318:	bf1f      	itttt	ne
 80a131a:	ea54 0c00 	orrsne.w	ip, r4, r0
 80a131e:	ea55 0c02 	orrsne.w	ip, r5, r2
 80a1322:	ea7f 5c64 	mvnsne.w	ip, r4, asr #21
 80a1326:	ea7f 5c65 	mvnsne.w	ip, r5, asr #21
 80a132a:	f000 80e2 	beq.w	80a14f2 <__adddf3+0x1ee>
 80a132e:	ea4f 5454 	mov.w	r4, r4, lsr #21
 80a1332:	ebd4 5555 	rsbs	r5, r4, r5, lsr #21
 80a1336:	bfb8      	it	lt
 80a1338:	426d      	neglt	r5, r5
 80a133a:	dd0c      	ble.n	80a1356 <__adddf3+0x52>
 80a133c:	442c      	add	r4, r5
 80a133e:	ea80 0202 	eor.w	r2, r0, r2
 80a1342:	ea81 0303 	eor.w	r3, r1, r3
 80a1346:	ea82 0000 	eor.w	r0, r2, r0
 80a134a:	ea83 0101 	eor.w	r1, r3, r1
 80a134e:	ea80 0202 	eor.w	r2, r0, r2
 80a1352:	ea81 0303 	eor.w	r3, r1, r3
 80a1356:	2d36      	cmp	r5, #54	; 0x36
 80a1358:	bf88      	it	hi
 80a135a:	bd30      	pophi	{r4, r5, pc}
 80a135c:	f011 4f00 	tst.w	r1, #2147483648	; 0x80000000
 80a1360:	ea4f 3101 	mov.w	r1, r1, lsl #12
 80a1364:	f44f 1c80 	mov.w	ip, #1048576	; 0x100000
 80a1368:	ea4c 3111 	orr.w	r1, ip, r1, lsr #12
 80a136c:	d002      	beq.n	80a1374 <__adddf3+0x70>
 80a136e:	4240      	negs	r0, r0
 80a1370:	eb61 0141 	sbc.w	r1, r1, r1, lsl #1
 80a1374:	f013 4f00 	tst.w	r3, #2147483648	; 0x80000000
 80a1378:	ea4f 3303 	mov.w	r3, r3, lsl #12
 80a137c:	ea4c 3313 	orr.w	r3, ip, r3, lsr #12
 80a1380:	d002      	beq.n	80a1388 <__adddf3+0x84>
 80a1382:	4252      	negs	r2, r2
 80a1384:	eb63 0343 	sbc.w	r3, r3, r3, lsl #1
 80a1388:	ea94 0f05 	teq	r4, r5
 80a138c:	f000 80a7 	beq.w	80a14de <__adddf3+0x1da>
 80a1390:	f1a4 0401 	sub.w	r4, r4, #1
 80a1394:	f1d5 0e20 	rsbs	lr, r5, #32
 80a1398:	db0d      	blt.n	80a13b6 <__adddf3+0xb2>
 80a139a:	fa02 fc0e 	lsl.w	ip, r2, lr
 80a139e:	fa22 f205 	lsr.w	r2, r2, r5
 80a13a2:	1880      	adds	r0, r0, r2
 80a13a4:	f141 0100 	adc.w	r1, r1, #0
 80a13a8:	fa03 f20e 	lsl.w	r2, r3, lr
 80a13ac:	1880      	adds	r0, r0, r2
 80a13ae:	fa43 f305 	asr.w	r3, r3, r5
 80a13b2:	4159      	adcs	r1, r3
 80a13b4:	e00e      	b.n	80a13d4 <__adddf3+0xd0>
 80a13b6:	f1a5 0520 	sub.w	r5, r5, #32
 80a13ba:	f10e 0e20 	add.w	lr, lr, #32
 80a13be:	2a01      	cmp	r2, #1
 80a13c0:	fa03 fc0e 	lsl.w	ip, r3, lr
 80a13c4:	bf28      	it	cs
 80a13c6:	f04c 0c02 	orrcs.w	ip, ip, #2
 80a13ca:	fa43 f305 	asr.w	r3, r3, r5
 80a13ce:	18c0      	adds	r0, r0, r3
 80a13d0:	eb51 71e3 	adcs.w	r1, r1, r3, asr #31
 80a13d4:	f001 4500 	and.w	r5, r1, #2147483648	; 0x80000000
 80a13d8:	d507      	bpl.n	80a13ea <__adddf3+0xe6>
 80a13da:	f04f 0e00 	mov.w	lr, #0
 80a13de:	f1dc 0c00 	rsbs	ip, ip, #0
 80a13e2:	eb7e 0000 	sbcs.w	r0, lr, r0
 80a13e6:	eb6e 0101 	sbc.w	r1, lr, r1
 80a13ea:	f5b1 1f80 	cmp.w	r1, #1048576	; 0x100000
 80a13ee:	d31b      	bcc.n	80a1428 <__adddf3+0x124>
 80a13f0:	f5b1 1f00 	cmp.w	r1, #2097152	; 0x200000
 80a13f4:	d30c      	bcc.n	80a1410 <__adddf3+0x10c>
 80a13f6:	0849      	lsrs	r1, r1, #1
 80a13f8:	ea5f 0030 	movs.w	r0, r0, rrx
 80a13fc:	ea4f 0c3c 	mov.w	ip, ip, rrx
 80a1400:	f104 0401 	add.w	r4, r4, #1
 80a1404:	ea4f 5244 	mov.w	r2, r4, lsl #21
 80a1408:	f512 0f80 	cmn.w	r2, #4194304	; 0x400000
 80a140c:	f080 809a 	bcs.w	80a1544 <__adddf3+0x240>
 80a1410:	f1bc 4f00 	cmp.w	ip, #2147483648	; 0x80000000
 80a1414:	bf08      	it	eq
 80a1416:	ea5f 0c50 	movseq.w	ip, r0, lsr #1
 80a141a:	f150 0000 	adcs.w	r0, r0, #0
 80a141e:	eb41 5104 	adc.w	r1, r1, r4, lsl #20
 80a1422:	ea41 0105 	orr.w	r1, r1, r5
 80a1426:	bd30      	pop	{r4, r5, pc}
 80a1428:	ea5f 0c4c 	movs.w	ip, ip, lsl #1
 80a142c:	4140      	adcs	r0, r0
 80a142e:	eb41 0101 	adc.w	r1, r1, r1
 80a1432:	3c01      	subs	r4, #1
 80a1434:	bf28      	it	cs
 80a1436:	f5b1 1f80 	cmpcs.w	r1, #1048576	; 0x100000
 80a143a:	d2e9      	bcs.n	80a1410 <__adddf3+0x10c>
 80a143c:	f091 0f00 	teq	r1, #0
 80a1440:	bf04      	itt	eq
 80a1442:	4601      	moveq	r1, r0
 80a1444:	2000      	moveq	r0, #0
 80a1446:	fab1 f381 	clz	r3, r1
 80a144a:	bf08      	it	eq
 80a144c:	3320      	addeq	r3, #32
 80a144e:	f1a3 030b 	sub.w	r3, r3, #11
 80a1452:	f1b3 0220 	subs.w	r2, r3, #32
 80a1456:	da0c      	bge.n	80a1472 <__adddf3+0x16e>
 80a1458:	320c      	adds	r2, #12
 80a145a:	dd08      	ble.n	80a146e <__adddf3+0x16a>
 80a145c:	f102 0c14 	add.w	ip, r2, #20
 80a1460:	f1c2 020c 	rsb	r2, r2, #12
 80a1464:	fa01 f00c 	lsl.w	r0, r1, ip
 80a1468:	fa21 f102 	lsr.w	r1, r1, r2
 80a146c:	e00c      	b.n	80a1488 <__adddf3+0x184>
 80a146e:	f102 0214 	add.w	r2, r2, #20
 80a1472:	bfd8      	it	le
 80a1474:	f1c2 0c20 	rsble	ip, r2, #32
 80a1478:	fa01 f102 	lsl.w	r1, r1, r2
 80a147c:	fa20 fc0c 	lsr.w	ip, r0, ip
 80a1480:	bfdc      	itt	le
 80a1482:	ea41 010c 	orrle.w	r1, r1, ip
 80a1486:	4090      	lslle	r0, r2
 80a1488:	1ae4      	subs	r4, r4, r3
 80a148a:	bfa2      	ittt	ge
 80a148c:	eb01 5104 	addge.w	r1, r1, r4, lsl #20
 80a1490:	4329      	orrge	r1, r5
 80a1492:	bd30      	popge	{r4, r5, pc}
 80a1494:	ea6f 0404 	mvn.w	r4, r4
 80a1498:	3c1f      	subs	r4, #31
 80a149a:	da1c      	bge.n	80a14d6 <__adddf3+0x1d2>
 80a149c:	340c      	adds	r4, #12
 80a149e:	dc0e      	bgt.n	80a14be <__adddf3+0x1ba>
 80a14a0:	f104 0414 	add.w	r4, r4, #20
 80a14a4:	f1c4 0220 	rsb	r2, r4, #32
 80a14a8:	fa20 f004 	lsr.w	r0, r0, r4
 80a14ac:	fa01 f302 	lsl.w	r3, r1, r2
 80a14b0:	ea40 0003 	orr.w	r0, r0, r3
 80a14b4:	fa21 f304 	lsr.w	r3, r1, r4
 80a14b8:	ea45 0103 	orr.w	r1, r5, r3
 80a14bc:	bd30      	pop	{r4, r5, pc}
 80a14be:	f1c4 040c 	rsb	r4, r4, #12
 80a14c2:	f1c4 0220 	rsb	r2, r4, #32
 80a14c6:	fa20 f002 	lsr.w	r0, r0, r2
 80a14ca:	fa01 f304 	lsl.w	r3, r1, r4
 80a14ce:	ea40 0003 	orr.w	r0, r0, r3
 80a14d2:	4629      	mov	r1, r5
 80a14d4:	bd30      	pop	{r4, r5, pc}
 80a14d6:	fa21 f004 	lsr.w	r0, r1, r4
 80a14da:	4629      	mov	r1, r5
 80a14dc:	bd30      	pop	{r4, r5, pc}
 80a14de:	f094 0f00 	teq	r4, #0
 80a14e2:	f483 1380 	eor.w	r3, r3, #1048576	; 0x100000
 80a14e6:	bf06      	itte	eq
 80a14e8:	f481 1180 	eoreq.w	r1, r1, #1048576	; 0x100000
 80a14ec:	3401      	addeq	r4, #1
 80a14ee:	3d01      	subne	r5, #1
 80a14f0:	e74e      	b.n	80a1390 <__adddf3+0x8c>
 80a14f2:	ea7f 5c64 	mvns.w	ip, r4, asr #21
 80a14f6:	bf18      	it	ne
 80a14f8:	ea7f 5c65 	mvnsne.w	ip, r5, asr #21
 80a14fc:	d029      	beq.n	80a1552 <__adddf3+0x24e>
 80a14fe:	ea94 0f05 	teq	r4, r5
 80a1502:	bf08      	it	eq
 80a1504:	ea90 0f02 	teqeq	r0, r2
 80a1508:	d005      	beq.n	80a1516 <__adddf3+0x212>
 80a150a:	ea54 0c00 	orrs.w	ip, r4, r0
 80a150e:	bf04      	itt	eq
 80a1510:	4619      	moveq	r1, r3
 80a1512:	4610      	moveq	r0, r2
 80a1514:	bd30      	pop	{r4, r5, pc}
 80a1516:	ea91 0f03 	teq	r1, r3
 80a151a:	bf1e      	ittt	ne
 80a151c:	2100      	movne	r1, #0
 80a151e:	2000      	movne	r0, #0
 80a1520:	bd30      	popne	{r4, r5, pc}
 80a1522:	ea5f 5c54 	movs.w	ip, r4, lsr #21
 80a1526:	d105      	bne.n	80a1534 <__adddf3+0x230>
 80a1528:	0040      	lsls	r0, r0, #1
 80a152a:	4149      	adcs	r1, r1
 80a152c:	bf28      	it	cs
 80a152e:	f041 4100 	orrcs.w	r1, r1, #2147483648	; 0x80000000
 80a1532:	bd30      	pop	{r4, r5, pc}
 80a1534:	f514 0480 	adds.w	r4, r4, #4194304	; 0x400000
 80a1538:	bf3c      	itt	cc
 80a153a:	f501 1180 	addcc.w	r1, r1, #1048576	; 0x100000
 80a153e:	bd30      	popcc	{r4, r5, pc}
 80a1540:	f001 4500 	and.w	r5, r1, #2147483648	; 0x80000000
 80a1544:	f045 41fe 	orr.w	r1, r5, #2130706432	; 0x7f000000
 80a1548:	f441 0170 	orr.w	r1, r1, #15728640	; 0xf00000
 80a154c:	f04f 0000 	mov.w	r0, #0
 80a1550:	bd30      	pop	{r4, r5, pc}
 80a1552:	ea7f 5c64 	mvns.w	ip, r4, asr #21
 80a1556:	bf1a      	itte	ne
 80a1558:	4619      	movne	r1, r3
 80a155a:	4610      	movne	r0, r2
 80a155c:	ea7f 5c65 	mvnseq.w	ip, r5, asr #21
 80a1560:	bf1c      	itt	ne
 80a1562:	460b      	movne	r3, r1
 80a1564:	4602      	movne	r2, r0
 80a1566:	ea50 3401 	orrs.w	r4, r0, r1, lsl #12
 80a156a:	bf06      	itte	eq
 80a156c:	ea52 3503 	orrseq.w	r5, r2, r3, lsl #12
 80a1570:	ea91 0f03 	teqeq	r1, r3
 80a1574:	f441 2100 	orrne.w	r1, r1, #524288	; 0x80000
 80a1578:	bd30      	pop	{r4, r5, pc}
 80a157a:	bf00      	nop

080a157c <__aeabi_ui2d>:
 80a157c:	f090 0f00 	teq	r0, #0
 80a1580:	bf04      	itt	eq
 80a1582:	2100      	moveq	r1, #0
 80a1584:	4770      	bxeq	lr
 80a1586:	b530      	push	{r4, r5, lr}
 80a1588:	f44f 6480 	mov.w	r4, #1024	; 0x400
 80a158c:	f104 0432 	add.w	r4, r4, #50	; 0x32
 80a1590:	f04f 0500 	mov.w	r5, #0
 80a1594:	f04f 0100 	mov.w	r1, #0
 80a1598:	e750      	b.n	80a143c <__adddf3+0x138>
 80a159a:	bf00      	nop

080a159c <__aeabi_i2d>:
 80a159c:	f090 0f00 	teq	r0, #0
 80a15a0:	bf04      	itt	eq
 80a15a2:	2100      	moveq	r1, #0
 80a15a4:	4770      	bxeq	lr
 80a15a6:	b530      	push	{r4, r5, lr}
 80a15a8:	f44f 6480 	mov.w	r4, #1024	; 0x400
 80a15ac:	f104 0432 	add.w	r4, r4, #50	; 0x32
 80a15b0:	f010 4500 	ands.w	r5, r0, #2147483648	; 0x80000000
 80a15b4:	bf48      	it	mi
 80a15b6:	4240      	negmi	r0, r0
 80a15b8:	f04f 0100 	mov.w	r1, #0
 80a15bc:	e73e      	b.n	80a143c <__adddf3+0x138>
 80a15be:	bf00      	nop

080a15c0 <__aeabi_f2d>:
 80a15c0:	0042      	lsls	r2, r0, #1
 80a15c2:	ea4f 01e2 	mov.w	r1, r2, asr #3
 80a15c6:	ea4f 0131 	mov.w	r1, r1, rrx
 80a15ca:	ea4f 7002 	mov.w	r0, r2, lsl #28
 80a15ce:	bf1f      	itttt	ne
 80a15d0:	f012 437f 	andsne.w	r3, r2, #4278190080	; 0xff000000
 80a15d4:	f093 4f7f 	teqne	r3, #4278190080	; 0xff000000
 80a15d8:	f081 5160 	eorne.w	r1, r1, #939524096	; 0x38000000
 80a15dc:	4770      	bxne	lr
 80a15de:	f032 427f 	bics.w	r2, r2, #4278190080	; 0xff000000
 80a15e2:	bf08      	it	eq
 80a15e4:	4770      	bxeq	lr
 80a15e6:	f093 4f7f 	teq	r3, #4278190080	; 0xff000000
 80a15ea:	bf04      	itt	eq
 80a15ec:	f441 2100 	orreq.w	r1, r1, #524288	; 0x80000
 80a15f0:	4770      	bxeq	lr
 80a15f2:	b530      	push	{r4, r5, lr}
 80a15f4:	f44f 7460 	mov.w	r4, #896	; 0x380
 80a15f8:	f001 4500 	and.w	r5, r1, #2147483648	; 0x80000000
 80a15fc:	f021 4100 	bic.w	r1, r1, #2147483648	; 0x80000000
 80a1600:	e71c      	b.n	80a143c <__adddf3+0x138>
 80a1602:	bf00      	nop

080a1604 <__aeabi_ul2d>:
 80a1604:	ea50 0201 	orrs.w	r2, r0, r1
 80a1608:	bf08      	it	eq
 80a160a:	4770      	bxeq	lr
 80a160c:	b530      	push	{r4, r5, lr}
 80a160e:	f04f 0500 	mov.w	r5, #0
 80a1612:	e00a      	b.n	80a162a <__aeabi_l2d+0x16>

080a1614 <__aeabi_l2d>:
 80a1614:	ea50 0201 	orrs.w	r2, r0, r1
 80a1618:	bf08      	it	eq
 80a161a:	4770      	bxeq	lr
 80a161c:	b530      	push	{r4, r5, lr}
 80a161e:	f011 4500 	ands.w	r5, r1, #2147483648	; 0x80000000
 80a1622:	d502      	bpl.n	80a162a <__aeabi_l2d+0x16>
 80a1624:	4240      	negs	r0, r0
 80a1626:	eb61 0141 	sbc.w	r1, r1, r1, lsl #1
 80a162a:	f44f 6480 	mov.w	r4, #1024	; 0x400
 80a162e:	f104 0432 	add.w	r4, r4, #50	; 0x32
 80a1632:	ea5f 5c91 	movs.w	ip, r1, lsr #22
 80a1636:	f43f aed8 	beq.w	80a13ea <__adddf3+0xe6>
 80a163a:	f04f 0203 	mov.w	r2, #3
 80a163e:	ea5f 0cdc 	movs.w	ip, ip, lsr #3
 80a1642:	bf18      	it	ne
 80a1644:	3203      	addne	r2, #3
 80a1646:	ea5f 0cdc 	movs.w	ip, ip, lsr #3
 80a164a:	bf18      	it	ne
 80a164c:	3203      	addne	r2, #3
 80a164e:	eb02 02dc 	add.w	r2, r2, ip, lsr #3
 80a1652:	f1c2 0320 	rsb	r3, r2, #32
 80a1656:	fa00 fc03 	lsl.w	ip, r0, r3
 80a165a:	fa20 f002 	lsr.w	r0, r0, r2
 80a165e:	fa01 fe03 	lsl.w	lr, r1, r3
 80a1662:	ea40 000e 	orr.w	r0, r0, lr
 80a1666:	fa21 f102 	lsr.w	r1, r1, r2
 80a166a:	4414      	add	r4, r2
 80a166c:	e6bd      	b.n	80a13ea <__adddf3+0xe6>
 80a166e:	bf00      	nop

080a1670 <__aeabi_dmul>:
 80a1670:	b570      	push	{r4, r5, r6, lr}
 80a1672:	f04f 0cff 	mov.w	ip, #255	; 0xff
 80a1676:	f44c 6ce0 	orr.w	ip, ip, #1792	; 0x700
 80a167a:	ea1c 5411 	ands.w	r4, ip, r1, lsr #20
 80a167e:	bf1d      	ittte	ne
 80a1680:	ea1c 5513 	andsne.w	r5, ip, r3, lsr #20
 80a1684:	ea94 0f0c 	teqne	r4, ip
 80a1688:	ea95 0f0c 	teqne	r5, ip
 80a168c:	f000 f8de 	bleq	80a184c <__aeabi_dmul+0x1dc>
 80a1690:	442c      	add	r4, r5
 80a1692:	ea81 0603 	eor.w	r6, r1, r3
 80a1696:	ea21 514c 	bic.w	r1, r1, ip, lsl #21
 80a169a:	ea23 534c 	bic.w	r3, r3, ip, lsl #21
 80a169e:	ea50 3501 	orrs.w	r5, r0, r1, lsl #12
 80a16a2:	bf18      	it	ne
 80a16a4:	ea52 3503 	orrsne.w	r5, r2, r3, lsl #12
 80a16a8:	f441 1180 	orr.w	r1, r1, #1048576	; 0x100000
 80a16ac:	f443 1380 	orr.w	r3, r3, #1048576	; 0x100000
 80a16b0:	d038      	beq.n	80a1724 <__aeabi_dmul+0xb4>
 80a16b2:	fba0 ce02 	umull	ip, lr, r0, r2
 80a16b6:	f04f 0500 	mov.w	r5, #0
 80a16ba:	fbe1 e502 	umlal	lr, r5, r1, r2
 80a16be:	f006 4200 	and.w	r2, r6, #2147483648	; 0x80000000
 80a16c2:	fbe0 e503 	umlal	lr, r5, r0, r3
 80a16c6:	f04f 0600 	mov.w	r6, #0
 80a16ca:	fbe1 5603 	umlal	r5, r6, r1, r3
 80a16ce:	f09c 0f00 	teq	ip, #0
 80a16d2:	bf18      	it	ne
 80a16d4:	f04e 0e01 	orrne.w	lr, lr, #1
 80a16d8:	f1a4 04ff 	sub.w	r4, r4, #255	; 0xff
 80a16dc:	f5b6 7f00 	cmp.w	r6, #512	; 0x200
 80a16e0:	f564 7440 	sbc.w	r4, r4, #768	; 0x300
 80a16e4:	d204      	bcs.n	80a16f0 <__aeabi_dmul+0x80>
 80a16e6:	ea5f 0e4e 	movs.w	lr, lr, lsl #1
 80a16ea:	416d      	adcs	r5, r5
 80a16ec:	eb46 0606 	adc.w	r6, r6, r6
 80a16f0:	ea42 21c6 	orr.w	r1, r2, r6, lsl #11
 80a16f4:	ea41 5155 	orr.w	r1, r1, r5, lsr #21
 80a16f8:	ea4f 20c5 	mov.w	r0, r5, lsl #11
 80a16fc:	ea40 505e 	orr.w	r0, r0, lr, lsr #21
 80a1700:	ea4f 2ece 	mov.w	lr, lr, lsl #11
 80a1704:	f1b4 0cfd 	subs.w	ip, r4, #253	; 0xfd
 80a1708:	bf88      	it	hi
 80a170a:	f5bc 6fe0 	cmphi.w	ip, #1792	; 0x700
 80a170e:	d81e      	bhi.n	80a174e <__aeabi_dmul+0xde>
 80a1710:	f1be 4f00 	cmp.w	lr, #2147483648	; 0x80000000
 80a1714:	bf08      	it	eq
 80a1716:	ea5f 0e50 	movseq.w	lr, r0, lsr #1
 80a171a:	f150 0000 	adcs.w	r0, r0, #0
 80a171e:	eb41 5104 	adc.w	r1, r1, r4, lsl #20
 80a1722:	bd70      	pop	{r4, r5, r6, pc}
 80a1724:	f006 4600 	and.w	r6, r6, #2147483648	; 0x80000000
 80a1728:	ea46 0101 	orr.w	r1, r6, r1
 80a172c:	ea40 0002 	orr.w	r0, r0, r2
 80a1730:	ea81 0103 	eor.w	r1, r1, r3
 80a1734:	ebb4 045c 	subs.w	r4, r4, ip, lsr #1
 80a1738:	bfc2      	ittt	gt
 80a173a:	ebd4 050c 	rsbsgt	r5, r4, ip
 80a173e:	ea41 5104 	orrgt.w	r1, r1, r4, lsl #20
 80a1742:	bd70      	popgt	{r4, r5, r6, pc}
 80a1744:	f441 1180 	orr.w	r1, r1, #1048576	; 0x100000
 80a1748:	f04f 0e00 	mov.w	lr, #0
 80a174c:	3c01      	subs	r4, #1
 80a174e:	f300 80ab 	bgt.w	80a18a8 <__aeabi_dmul+0x238>
 80a1752:	f114 0f36 	cmn.w	r4, #54	; 0x36
 80a1756:	bfde      	ittt	le
 80a1758:	2000      	movle	r0, #0
 80a175a:	f001 4100 	andle.w	r1, r1, #2147483648	; 0x80000000
 80a175e:	bd70      	pople	{r4, r5, r6, pc}
 80a1760:	f1c4 0400 	rsb	r4, r4, #0
 80a1764:	3c20      	subs	r4, #32
 80a1766:	da35      	bge.n	80a17d4 <__aeabi_dmul+0x164>
 80a1768:	340c      	adds	r4, #12
 80a176a:	dc1b      	bgt.n	80a17a4 <__aeabi_dmul+0x134>
 80a176c:	f104 0414 	add.w	r4, r4, #20
 80a1770:	f1c4 0520 	rsb	r5, r4, #32
 80a1774:	fa00 f305 	lsl.w	r3, r0, r5
 80a1778:	fa20 f004 	lsr.w	r0, r0, r4
 80a177c:	fa01 f205 	lsl.w	r2, r1, r5
 80a1780:	ea40 0002 	orr.w	r0, r0, r2
 80a1784:	f001 4200 	and.w	r2, r1, #2147483648	; 0x80000000
 80a1788:	f021 4100 	bic.w	r1, r1, #2147483648	; 0x80000000
 80a178c:	eb10 70d3 	adds.w	r0, r0, r3, lsr #31
 80a1790:	fa21 f604 	lsr.w	r6, r1, r4
 80a1794:	eb42 0106 	adc.w	r1, r2, r6
 80a1798:	ea5e 0e43 	orrs.w	lr, lr, r3, lsl #1
 80a179c:	bf08      	it	eq
 80a179e:	ea20 70d3 	biceq.w	r0, r0, r3, lsr #31
 80a17a2:	bd70      	pop	{r4, r5, r6, pc}
 80a17a4:	f1c4 040c 	rsb	r4, r4, #12
 80a17a8:	f1c4 0520 	rsb	r5, r4, #32
 80a17ac:	fa00 f304 	lsl.w	r3, r0, r4
 80a17b0:	fa20 f005 	lsr.w	r0, r0, r5
 80a17b4:	fa01 f204 	lsl.w	r2, r1, r4
 80a17b8:	ea40 0002 	orr.w	r0, r0, r2
 80a17bc:	f001 4100 	and.w	r1, r1, #2147483648	; 0x80000000
 80a17c0:	eb10 70d3 	adds.w	r0, r0, r3, lsr #31
 80a17c4:	f141 0100 	adc.w	r1, r1, #0
 80a17c8:	ea5e 0e43 	orrs.w	lr, lr, r3, lsl #1
 80a17cc:	bf08      	it	eq
 80a17ce:	ea20 70d3 	biceq.w	r0, r0, r3, lsr #31
 80a17d2:	bd70      	pop	{r4, r5, r6, pc}
 80a17d4:	f1c4 0520 	rsb	r5, r4, #32
 80a17d8:	fa00 f205 	lsl.w	r2, r0, r5
 80a17dc:	ea4e 0e02 	orr.w	lr, lr, r2
 80a17e0:	fa20 f304 	lsr.w	r3, r0, r4
 80a17e4:	fa01 f205 	lsl.w	r2, r1, r5
 80a17e8:	ea43 0302 	orr.w	r3, r3, r2
 80a17ec:	fa21 f004 	lsr.w	r0, r1, r4
 80a17f0:	f001 4100 	and.w	r1, r1, #2147483648	; 0x80000000
 80a17f4:	fa21 f204 	lsr.w	r2, r1, r4
 80a17f8:	ea20 0002 	bic.w	r0, r0, r2
 80a17fc:	eb00 70d3 	add.w	r0, r0, r3, lsr #31
 80a1800:	ea5e 0e43 	orrs.w	lr, lr, r3, lsl #1
 80a1804:	bf08      	it	eq
 80a1806:	ea20 70d3 	biceq.w	r0, r0, r3, lsr #31
 80a180a:	bd70      	pop	{r4, r5, r6, pc}
 80a180c:	f094 0f00 	teq	r4, #0
 80a1810:	d10f      	bne.n	80a1832 <__aeabi_dmul+0x1c2>
 80a1812:	f001 4600 	and.w	r6, r1, #2147483648	; 0x80000000
 80a1816:	0040      	lsls	r0, r0, #1
 80a1818:	eb41 0101 	adc.w	r1, r1, r1
 80a181c:	f411 1f80 	tst.w	r1, #1048576	; 0x100000
 80a1820:	bf08      	it	eq
 80a1822:	3c01      	subeq	r4, #1
 80a1824:	d0f7      	beq.n	80a1816 <__aeabi_dmul+0x1a6>
 80a1826:	ea41 0106 	orr.w	r1, r1, r6
 80a182a:	f095 0f00 	teq	r5, #0
 80a182e:	bf18      	it	ne
 80a1830:	4770      	bxne	lr
 80a1832:	f003 4600 	and.w	r6, r3, #2147483648	; 0x80000000
 80a1836:	0052      	lsls	r2, r2, #1
 80a1838:	eb43 0303 	adc.w	r3, r3, r3
 80a183c:	f413 1f80 	tst.w	r3, #1048576	; 0x100000
 80a1840:	bf08      	it	eq
 80a1842:	3d01      	subeq	r5, #1
 80a1844:	d0f7      	beq.n	80a1836 <__aeabi_dmul+0x1c6>
 80a1846:	ea43 0306 	orr.w	r3, r3, r6
 80a184a:	4770      	bx	lr
 80a184c:	ea94 0f0c 	teq	r4, ip
 80a1850:	ea0c 5513 	and.w	r5, ip, r3, lsr #20
 80a1854:	bf18      	it	ne
 80a1856:	ea95 0f0c 	teqne	r5, ip
 80a185a:	d00c      	beq.n	80a1876 <__aeabi_dmul+0x206>
 80a185c:	ea50 0641 	orrs.w	r6, r0, r1, lsl #1
 80a1860:	bf18      	it	ne
 80a1862:	ea52 0643 	orrsne.w	r6, r2, r3, lsl #1
 80a1866:	d1d1      	bne.n	80a180c <__aeabi_dmul+0x19c>
 80a1868:	ea81 0103 	eor.w	r1, r1, r3
 80a186c:	f001 4100 	and.w	r1, r1, #2147483648	; 0x80000000
 80a1870:	f04f 0000 	mov.w	r0, #0
 80a1874:	bd70      	pop	{r4, r5, r6, pc}
 80a1876:	ea50 0641 	orrs.w	r6, r0, r1, lsl #1
 80a187a:	bf06      	itte	eq
 80a187c:	4610      	moveq	r0, r2
 80a187e:	4619      	moveq	r1, r3
 80a1880:	ea52 0643 	orrsne.w	r6, r2, r3, lsl #1
 80a1884:	d019      	beq.n	80a18ba <__aeabi_dmul+0x24a>
 80a1886:	ea94 0f0c 	teq	r4, ip
 80a188a:	d102      	bne.n	80a1892 <__aeabi_dmul+0x222>
 80a188c:	ea50 3601 	orrs.w	r6, r0, r1, lsl #12
 80a1890:	d113      	bne.n	80a18ba <__aeabi_dmul+0x24a>
 80a1892:	ea95 0f0c 	teq	r5, ip
 80a1896:	d105      	bne.n	80a18a4 <__aeabi_dmul+0x234>
 80a1898:	ea52 3603 	orrs.w	r6, r2, r3, lsl #12
 80a189c:	bf1c      	itt	ne
 80a189e:	4610      	movne	r0, r2
 80a18a0:	4619      	movne	r1, r3
 80a18a2:	d10a      	bne.n	80a18ba <__aeabi_dmul+0x24a>
 80a18a4:	ea81 0103 	eor.w	r1, r1, r3
 80a18a8:	f001 4100 	and.w	r1, r1, #2147483648	; 0x80000000
 80a18ac:	f041 41fe 	orr.w	r1, r1, #2130706432	; 0x7f000000
 80a18b0:	f441 0170 	orr.w	r1, r1, #15728640	; 0xf00000
 80a18b4:	f04f 0000 	mov.w	r0, #0
 80a18b8:	bd70      	pop	{r4, r5, r6, pc}
 80a18ba:	f041 41fe 	orr.w	r1, r1, #2130706432	; 0x7f000000
 80a18be:	f441 0178 	orr.w	r1, r1, #16252928	; 0xf80000
 80a18c2:	bd70      	pop	{r4, r5, r6, pc}

080a18c4 <__aeabi_ddiv>:
 80a18c4:	b570      	push	{r4, r5, r6, lr}
 80a18c6:	f04f 0cff 	mov.w	ip, #255	; 0xff
 80a18ca:	f44c 6ce0 	orr.w	ip, ip, #1792	; 0x700
 80a18ce:	ea1c 5411 	ands.w	r4, ip, r1, lsr #20
 80a18d2:	bf1d      	ittte	ne
 80a18d4:	ea1c 5513 	andsne.w	r5, ip, r3, lsr #20
 80a18d8:	ea94 0f0c 	teqne	r4, ip
 80a18dc:	ea95 0f0c 	teqne	r5, ip
 80a18e0:	f000 f8a7 	bleq	80a1a32 <__aeabi_ddiv+0x16e>
 80a18e4:	eba4 0405 	sub.w	r4, r4, r5
 80a18e8:	ea81 0e03 	eor.w	lr, r1, r3
 80a18ec:	ea52 3503 	orrs.w	r5, r2, r3, lsl #12
 80a18f0:	ea4f 3101 	mov.w	r1, r1, lsl #12
 80a18f4:	f000 8088 	beq.w	80a1a08 <__aeabi_ddiv+0x144>
 80a18f8:	ea4f 3303 	mov.w	r3, r3, lsl #12
 80a18fc:	f04f 5580 	mov.w	r5, #268435456	; 0x10000000
 80a1900:	ea45 1313 	orr.w	r3, r5, r3, lsr #4
 80a1904:	ea43 6312 	orr.w	r3, r3, r2, lsr #24
 80a1908:	ea4f 2202 	mov.w	r2, r2, lsl #8
 80a190c:	ea45 1511 	orr.w	r5, r5, r1, lsr #4
 80a1910:	ea45 6510 	orr.w	r5, r5, r0, lsr #24
 80a1914:	ea4f 2600 	mov.w	r6, r0, lsl #8
 80a1918:	f00e 4100 	and.w	r1, lr, #2147483648	; 0x80000000
 80a191c:	429d      	cmp	r5, r3
 80a191e:	bf08      	it	eq
 80a1920:	4296      	cmpeq	r6, r2
 80a1922:	f144 04fd 	adc.w	r4, r4, #253	; 0xfd
 80a1926:	f504 7440 	add.w	r4, r4, #768	; 0x300
 80a192a:	d202      	bcs.n	80a1932 <__aeabi_ddiv+0x6e>
 80a192c:	085b      	lsrs	r3, r3, #1
 80a192e:	ea4f 0232 	mov.w	r2, r2, rrx
 80a1932:	1ab6      	subs	r6, r6, r2
 80a1934:	eb65 0503 	sbc.w	r5, r5, r3
 80a1938:	085b      	lsrs	r3, r3, #1
 80a193a:	ea4f 0232 	mov.w	r2, r2, rrx
 80a193e:	f44f 1080 	mov.w	r0, #1048576	; 0x100000
 80a1942:	f44f 2c00 	mov.w	ip, #524288	; 0x80000
 80a1946:	ebb6 0e02 	subs.w	lr, r6, r2
 80a194a:	eb75 0e03 	sbcs.w	lr, r5, r3
 80a194e:	bf22      	ittt	cs
 80a1950:	1ab6      	subcs	r6, r6, r2
 80a1952:	4675      	movcs	r5, lr
 80a1954:	ea40 000c 	orrcs.w	r0, r0, ip
 80a1958:	085b      	lsrs	r3, r3, #1
 80a195a:	ea4f 0232 	mov.w	r2, r2, rrx
 80a195e:	ebb6 0e02 	subs.w	lr, r6, r2
 80a1962:	eb75 0e03 	sbcs.w	lr, r5, r3
 80a1966:	bf22      	ittt	cs
 80a1968:	1ab6      	subcs	r6, r6, r2
 80a196a:	4675      	movcs	r5, lr
 80a196c:	ea40 005c 	orrcs.w	r0, r0, ip, lsr #1
 80a1970:	085b      	lsrs	r3, r3, #1
 80a1972:	ea4f 0232 	mov.w	r2, r2, rrx
 80a1976:	ebb6 0e02 	subs.w	lr, r6, r2
 80a197a:	eb75 0e03 	sbcs.w	lr, r5, r3
 80a197e:	bf22      	ittt	cs
 80a1980:	1ab6      	subcs	r6, r6, r2
 80a1982:	4675      	movcs	r5, lr
 80a1984:	ea40 009c 	orrcs.w	r0, r0, ip, lsr #2
 80a1988:	085b      	lsrs	r3, r3, #1
 80a198a:	ea4f 0232 	mov.w	r2, r2, rrx
 80a198e:	ebb6 0e02 	subs.w	lr, r6, r2
 80a1992:	eb75 0e03 	sbcs.w	lr, r5, r3
 80a1996:	bf22      	ittt	cs
 80a1998:	1ab6      	subcs	r6, r6, r2
 80a199a:	4675      	movcs	r5, lr
 80a199c:	ea40 00dc 	orrcs.w	r0, r0, ip, lsr #3
 80a19a0:	ea55 0e06 	orrs.w	lr, r5, r6
 80a19a4:	d018      	beq.n	80a19d8 <__aeabi_ddiv+0x114>
 80a19a6:	ea4f 1505 	mov.w	r5, r5, lsl #4
 80a19aa:	ea45 7516 	orr.w	r5, r5, r6, lsr #28
 80a19ae:	ea4f 1606 	mov.w	r6, r6, lsl #4
 80a19b2:	ea4f 03c3 	mov.w	r3, r3, lsl #3
 80a19b6:	ea43 7352 	orr.w	r3, r3, r2, lsr #29
 80a19ba:	ea4f 02c2 	mov.w	r2, r2, lsl #3
 80a19be:	ea5f 1c1c 	movs.w	ip, ip, lsr #4
 80a19c2:	d1c0      	bne.n	80a1946 <__aeabi_ddiv+0x82>
 80a19c4:	f411 1f80 	tst.w	r1, #1048576	; 0x100000
 80a19c8:	d10b      	bne.n	80a19e2 <__aeabi_ddiv+0x11e>
 80a19ca:	ea41 0100 	orr.w	r1, r1, r0
 80a19ce:	f04f 0000 	mov.w	r0, #0
 80a19d2:	f04f 4c00 	mov.w	ip, #2147483648	; 0x80000000
 80a19d6:	e7b6      	b.n	80a1946 <__aeabi_ddiv+0x82>
 80a19d8:	f411 1f80 	tst.w	r1, #1048576	; 0x100000
 80a19dc:	bf04      	itt	eq
 80a19de:	4301      	orreq	r1, r0
 80a19e0:	2000      	moveq	r0, #0
 80a19e2:	f1b4 0cfd 	subs.w	ip, r4, #253	; 0xfd
 80a19e6:	bf88      	it	hi
 80a19e8:	f5bc 6fe0 	cmphi.w	ip, #1792	; 0x700
 80a19ec:	f63f aeaf 	bhi.w	80a174e <__aeabi_dmul+0xde>
 80a19f0:	ebb5 0c03 	subs.w	ip, r5, r3
 80a19f4:	bf04      	itt	eq
 80a19f6:	ebb6 0c02 	subseq.w	ip, r6, r2
 80a19fa:	ea5f 0c50 	movseq.w	ip, r0, lsr #1
 80a19fe:	f150 0000 	adcs.w	r0, r0, #0
 80a1a02:	eb41 5104 	adc.w	r1, r1, r4, lsl #20
 80a1a06:	bd70      	pop	{r4, r5, r6, pc}
 80a1a08:	f00e 4e00 	and.w	lr, lr, #2147483648	; 0x80000000
 80a1a0c:	ea4e 3111 	orr.w	r1, lr, r1, lsr #12
 80a1a10:	eb14 045c 	adds.w	r4, r4, ip, lsr #1
 80a1a14:	bfc2      	ittt	gt
 80a1a16:	ebd4 050c 	rsbsgt	r5, r4, ip
 80a1a1a:	ea41 5104 	orrgt.w	r1, r1, r4, lsl #20
 80a1a1e:	bd70      	popgt	{r4, r5, r6, pc}
 80a1a20:	f441 1180 	orr.w	r1, r1, #1048576	; 0x100000
 80a1a24:	f04f 0e00 	mov.w	lr, #0
 80a1a28:	3c01      	subs	r4, #1
 80a1a2a:	e690      	b.n	80a174e <__aeabi_dmul+0xde>
 80a1a2c:	ea45 0e06 	orr.w	lr, r5, r6
 80a1a30:	e68d      	b.n	80a174e <__aeabi_dmul+0xde>
 80a1a32:	ea0c 5513 	and.w	r5, ip, r3, lsr #20
 80a1a36:	ea94 0f0c 	teq	r4, ip
 80a1a3a:	bf08      	it	eq
 80a1a3c:	ea95 0f0c 	teqeq	r5, ip
 80a1a40:	f43f af3b 	beq.w	80a18ba <__aeabi_dmul+0x24a>
 80a1a44:	ea94 0f0c 	teq	r4, ip
 80a1a48:	d10a      	bne.n	80a1a60 <__aeabi_ddiv+0x19c>
 80a1a4a:	ea50 3401 	orrs.w	r4, r0, r1, lsl #12
 80a1a4e:	f47f af34 	bne.w	80a18ba <__aeabi_dmul+0x24a>
 80a1a52:	ea95 0f0c 	teq	r5, ip
 80a1a56:	f47f af25 	bne.w	80a18a4 <__aeabi_dmul+0x234>
 80a1a5a:	4610      	mov	r0, r2
 80a1a5c:	4619      	mov	r1, r3
 80a1a5e:	e72c      	b.n	80a18ba <__aeabi_dmul+0x24a>
 80a1a60:	ea95 0f0c 	teq	r5, ip
 80a1a64:	d106      	bne.n	80a1a74 <__aeabi_ddiv+0x1b0>
 80a1a66:	ea52 3503 	orrs.w	r5, r2, r3, lsl #12
 80a1a6a:	f43f aefd 	beq.w	80a1868 <__aeabi_dmul+0x1f8>
 80a1a6e:	4610      	mov	r0, r2
 80a1a70:	4619      	mov	r1, r3
 80a1a72:	e722      	b.n	80a18ba <__aeabi_dmul+0x24a>
 80a1a74:	ea50 0641 	orrs.w	r6, r0, r1, lsl #1
 80a1a78:	bf18      	it	ne
 80a1a7a:	ea52 0643 	orrsne.w	r6, r2, r3, lsl #1
 80a1a7e:	f47f aec5 	bne.w	80a180c <__aeabi_dmul+0x19c>
 80a1a82:	ea50 0441 	orrs.w	r4, r0, r1, lsl #1
 80a1a86:	f47f af0d 	bne.w	80a18a4 <__aeabi_dmul+0x234>
 80a1a8a:	ea52 0543 	orrs.w	r5, r2, r3, lsl #1
 80a1a8e:	f47f aeeb 	bne.w	80a1868 <__aeabi_dmul+0x1f8>
 80a1a92:	e712      	b.n	80a18ba <__aeabi_dmul+0x24a>

080a1a94 <__aeabi_d2iz>:
 80a1a94:	ea4f 0241 	mov.w	r2, r1, lsl #1
 80a1a98:	f512 1200 	adds.w	r2, r2, #2097152	; 0x200000
 80a1a9c:	d215      	bcs.n	80a1aca <__aeabi_d2iz+0x36>
 80a1a9e:	d511      	bpl.n	80a1ac4 <__aeabi_d2iz+0x30>
 80a1aa0:	f46f 7378 	mvn.w	r3, #992	; 0x3e0
 80a1aa4:	ebb3 5262 	subs.w	r2, r3, r2, asr #21
 80a1aa8:	d912      	bls.n	80a1ad0 <__aeabi_d2iz+0x3c>
 80a1aaa:	ea4f 23c1 	mov.w	r3, r1, lsl #11
 80a1aae:	f043 4300 	orr.w	r3, r3, #2147483648	; 0x80000000
 80a1ab2:	ea43 5350 	orr.w	r3, r3, r0, lsr #21
 80a1ab6:	f011 4f00 	tst.w	r1, #2147483648	; 0x80000000
 80a1aba:	fa23 f002 	lsr.w	r0, r3, r2
 80a1abe:	bf18      	it	ne
 80a1ac0:	4240      	negne	r0, r0
 80a1ac2:	4770      	bx	lr
 80a1ac4:	f04f 0000 	mov.w	r0, #0
 80a1ac8:	4770      	bx	lr
 80a1aca:	ea50 3001 	orrs.w	r0, r0, r1, lsl #12
 80a1ace:	d105      	bne.n	80a1adc <__aeabi_d2iz+0x48>
 80a1ad0:	f011 4000 	ands.w	r0, r1, #2147483648	; 0x80000000
 80a1ad4:	bf08      	it	eq
 80a1ad6:	f06f 4000 	mvneq.w	r0, #2147483648	; 0x80000000
 80a1ada:	4770      	bx	lr
 80a1adc:	f04f 0000 	mov.w	r0, #0
 80a1ae0:	4770      	bx	lr
 80a1ae2:	bf00      	nop

080a1ae4 <atexit>:
 80a1ae4:	2300      	movs	r3, #0
 80a1ae6:	4601      	mov	r1, r0
 80a1ae8:	461a      	mov	r2, r3
 80a1aea:	4618      	mov	r0, r3
 80a1aec:	f000 b856 	b.w	80a1b9c <__register_exitproc>

080a1af0 <memcpy>:
 80a1af0:	440a      	add	r2, r1
 80a1af2:	4291      	cmp	r1, r2
 80a1af4:	f100 33ff 	add.w	r3, r0, #4294967295
 80a1af8:	d100      	bne.n	80a1afc <memcpy+0xc>
 80a1afa:	4770      	bx	lr
 80a1afc:	b510      	push	{r4, lr}
 80a1afe:	f811 4b01 	ldrb.w	r4, [r1], #1
 80a1b02:	4291      	cmp	r1, r2
 80a1b04:	f803 4f01 	strb.w	r4, [r3, #1]!
 80a1b08:	d1f9      	bne.n	80a1afe <memcpy+0xe>
 80a1b0a:	bd10      	pop	{r4, pc}

080a1b0c <memset>:
 80a1b0c:	4603      	mov	r3, r0
 80a1b0e:	4402      	add	r2, r0
 80a1b10:	4293      	cmp	r3, r2
 80a1b12:	d100      	bne.n	80a1b16 <memset+0xa>
 80a1b14:	4770      	bx	lr
 80a1b16:	f803 1b01 	strb.w	r1, [r3], #1
 80a1b1a:	e7f9      	b.n	80a1b10 <memset+0x4>

080a1b1c <srand>:
 80a1b1c:	b538      	push	{r3, r4, r5, lr}
 80a1b1e:	4b10      	ldr	r3, [pc, #64]	; (80a1b60 <srand+0x44>)
 80a1b20:	4604      	mov	r4, r0
 80a1b22:	681d      	ldr	r5, [r3, #0]
 80a1b24:	6bab      	ldr	r3, [r5, #56]	; 0x38
 80a1b26:	b9b3      	cbnz	r3, 80a1b56 <srand+0x3a>
 80a1b28:	2018      	movs	r0, #24
 80a1b2a:	f7fe fe1f 	bl	80a076c <malloc>
 80a1b2e:	4602      	mov	r2, r0
 80a1b30:	63a8      	str	r0, [r5, #56]	; 0x38
 80a1b32:	b920      	cbnz	r0, 80a1b3e <srand+0x22>
 80a1b34:	2142      	movs	r1, #66	; 0x42
 80a1b36:	4b0b      	ldr	r3, [pc, #44]	; (80a1b64 <srand+0x48>)
 80a1b38:	480b      	ldr	r0, [pc, #44]	; (80a1b68 <srand+0x4c>)
 80a1b3a:	f7fe fe2f 	bl	80a079c <__assert_func>
 80a1b3e:	490b      	ldr	r1, [pc, #44]	; (80a1b6c <srand+0x50>)
 80a1b40:	4b0b      	ldr	r3, [pc, #44]	; (80a1b70 <srand+0x54>)
 80a1b42:	e9c0 1300 	strd	r1, r3, [r0]
 80a1b46:	4b0b      	ldr	r3, [pc, #44]	; (80a1b74 <srand+0x58>)
 80a1b48:	2100      	movs	r1, #0
 80a1b4a:	6083      	str	r3, [r0, #8]
 80a1b4c:	230b      	movs	r3, #11
 80a1b4e:	8183      	strh	r3, [r0, #12]
 80a1b50:	2001      	movs	r0, #1
 80a1b52:	e9c2 0104 	strd	r0, r1, [r2, #16]
 80a1b56:	2200      	movs	r2, #0
 80a1b58:	6bab      	ldr	r3, [r5, #56]	; 0x38
 80a1b5a:	611c      	str	r4, [r3, #16]
 80a1b5c:	615a      	str	r2, [r3, #20]
 80a1b5e:	bd38      	pop	{r3, r4, r5, pc}
 80a1b60:	200005b8 	.word	0x200005b8
 80a1b64:	080a1df9 	.word	0x080a1df9
 80a1b68:	080a1e10 	.word	0x080a1e10
 80a1b6c:	abcd330e 	.word	0xabcd330e
 80a1b70:	e66d1234 	.word	0xe66d1234
 80a1b74:	0005deec 	.word	0x0005deec

080a1b78 <strcmp>:
 80a1b78:	f810 2b01 	ldrb.w	r2, [r0], #1
 80a1b7c:	f811 3b01 	ldrb.w	r3, [r1], #1
 80a1b80:	2a01      	cmp	r2, #1
 80a1b82:	bf28      	it	cs
 80a1b84:	429a      	cmpcs	r2, r3
 80a1b86:	d0f7      	beq.n	80a1b78 <strcmp>
 80a1b88:	1ad0      	subs	r0, r2, r3
 80a1b8a:	4770      	bx	lr

080a1b8c <strlen>:
 80a1b8c:	4603      	mov	r3, r0
 80a1b8e:	f813 2b01 	ldrb.w	r2, [r3], #1
 80a1b92:	2a00      	cmp	r2, #0
 80a1b94:	d1fb      	bne.n	80a1b8e <strlen+0x2>
 80a1b96:	1a18      	subs	r0, r3, r0
 80a1b98:	3801      	subs	r0, #1
 80a1b9a:	4770      	bx	lr

080a1b9c <__register_exitproc>:
 80a1b9c:	e92d 43f8 	stmdb	sp!, {r3, r4, r5, r6, r7, r8, r9, lr}
 80a1ba0:	f8df 80ac 	ldr.w	r8, [pc, #172]	; 80a1c50 <__register_exitproc+0xb4>
 80a1ba4:	4606      	mov	r6, r0
 80a1ba6:	f8d8 0000 	ldr.w	r0, [r8]
 80a1baa:	461f      	mov	r7, r3
 80a1bac:	460d      	mov	r5, r1
 80a1bae:	4691      	mov	r9, r2
 80a1bb0:	f000 f858 	bl	80a1c64 <__retarget_lock_acquire_recursive>
 80a1bb4:	4b27      	ldr	r3, [pc, #156]	; (80a1c54 <__register_exitproc+0xb8>)
 80a1bb6:	681c      	ldr	r4, [r3, #0]
 80a1bb8:	b934      	cbnz	r4, 80a1bc8 <__register_exitproc+0x2c>
 80a1bba:	4c27      	ldr	r4, [pc, #156]	; (80a1c58 <__register_exitproc+0xbc>)
 80a1bbc:	601c      	str	r4, [r3, #0]
 80a1bbe:	4b27      	ldr	r3, [pc, #156]	; (80a1c5c <__register_exitproc+0xc0>)
 80a1bc0:	b113      	cbz	r3, 80a1bc8 <__register_exitproc+0x2c>
 80a1bc2:	681b      	ldr	r3, [r3, #0]
 80a1bc4:	f8c4 3088 	str.w	r3, [r4, #136]	; 0x88
 80a1bc8:	6863      	ldr	r3, [r4, #4]
 80a1bca:	2b1f      	cmp	r3, #31
 80a1bcc:	dd07      	ble.n	80a1bde <__register_exitproc+0x42>
 80a1bce:	f8d8 0000 	ldr.w	r0, [r8]
 80a1bd2:	f000 f849 	bl	80a1c68 <__retarget_lock_release_recursive>
 80a1bd6:	f04f 30ff 	mov.w	r0, #4294967295
 80a1bda:	e8bd 83f8 	ldmia.w	sp!, {r3, r4, r5, r6, r7, r8, r9, pc}
 80a1bde:	b35e      	cbz	r6, 80a1c38 <__register_exitproc+0x9c>
 80a1be0:	f8d4 0088 	ldr.w	r0, [r4, #136]	; 0x88
 80a1be4:	b988      	cbnz	r0, 80a1c0a <__register_exitproc+0x6e>
 80a1be6:	4b1e      	ldr	r3, [pc, #120]	; (80a1c60 <__register_exitproc+0xc4>)
 80a1be8:	b923      	cbnz	r3, 80a1bf4 <__register_exitproc+0x58>
 80a1bea:	f8d8 0000 	ldr.w	r0, [r8]
 80a1bee:	f000 f83a 	bl	80a1c66 <__retarget_lock_release>
 80a1bf2:	e7f0      	b.n	80a1bd6 <__register_exitproc+0x3a>
 80a1bf4:	f44f 7084 	mov.w	r0, #264	; 0x108
 80a1bf8:	f7fe fdb8 	bl	80a076c <malloc>
 80a1bfc:	2800      	cmp	r0, #0
 80a1bfe:	d0f4      	beq.n	80a1bea <__register_exitproc+0x4e>
 80a1c00:	2300      	movs	r3, #0
 80a1c02:	e9c0 3340 	strd	r3, r3, [r0, #256]	; 0x100
 80a1c06:	f8c4 0088 	str.w	r0, [r4, #136]	; 0x88
 80a1c0a:	2201      	movs	r2, #1
 80a1c0c:	6863      	ldr	r3, [r4, #4]
 80a1c0e:	2e02      	cmp	r6, #2
 80a1c10:	f840 9023 	str.w	r9, [r0, r3, lsl #2]
 80a1c14:	fa02 f203 	lsl.w	r2, r2, r3
 80a1c18:	eb00 0183 	add.w	r1, r0, r3, lsl #2
 80a1c1c:	f8d0 3100 	ldr.w	r3, [r0, #256]	; 0x100
 80a1c20:	ea43 0302 	orr.w	r3, r3, r2
 80a1c24:	f8c0 3100 	str.w	r3, [r0, #256]	; 0x100
 80a1c28:	f8c1 7080 	str.w	r7, [r1, #128]	; 0x80
 80a1c2c:	bf02      	ittt	eq
 80a1c2e:	f8d0 3104 	ldreq.w	r3, [r0, #260]	; 0x104
 80a1c32:	4313      	orreq	r3, r2
 80a1c34:	f8c0 3104 	streq.w	r3, [r0, #260]	; 0x104
 80a1c38:	6863      	ldr	r3, [r4, #4]
 80a1c3a:	f8d8 0000 	ldr.w	r0, [r8]
 80a1c3e:	1c5a      	adds	r2, r3, #1
 80a1c40:	3302      	adds	r3, #2
 80a1c42:	6062      	str	r2, [r4, #4]
 80a1c44:	f844 5023 	str.w	r5, [r4, r3, lsl #2]
 80a1c48:	f000 f80e 	bl	80a1c68 <__retarget_lock_release_recursive>
 80a1c4c:	2000      	movs	r0, #0
 80a1c4e:	e7c4      	b.n	80a1bda <__register_exitproc+0x3e>
 80a1c50:	2000061c 	.word	0x2000061c
 80a1c54:	20000a98 	.word	0x20000a98
 80a1c58:	20000a0c 	.word	0x20000a0c
 80a1c5c:	00000000 	.word	0x00000000
 80a1c60:	080a076d 	.word	0x080a076d

080a1c64 <__retarget_lock_acquire_recursive>:
 80a1c64:	4770      	bx	lr

080a1c66 <__retarget_lock_release>:
 80a1c66:	4770      	bx	lr

080a1c68 <__retarget_lock_release_recursive>:
 80a1c68:	4770      	bx	lr

080a1c6a <link_code_end>:
	...

080a1c6c <dynalib_user>:
 80a1c6c:	0021 080a 0061 080a 0089 080a 008d 080a     !...a...........
 80a1c7c:	0000 0000 655a 646c 0061 6952 6b63 5300     ....Zelda.Rick.S
 80a1c8c:	6168 6570 4c00 6b69 0065 6f64 6f59 5775     hape.Like.doYouW
 80a1c9c:	6e61 5474 6968 5373 6e6f 0067 6573 5474     antThisSong.setT
 80a1cac:	6568 6f53 676e 4e00 206f 6f73 676e 7320     heSong.No song s
 80a1cbc:	6c65 6365 6574 0064 7061 0070 5925 252d     elected.app.%Y-%
 80a1ccc:	2d6d 6425 2554 3a48 4d25 253a 2553 007a     m-%dT%H:%M:%S%z.
 80a1cdc:	7361 7463 6d69 0065                         asctime.

080a1ce4 <_ZTV9IPAddress>:
	...
 80a1cec:	0ba9 080a 0ba7 080a 0bdb 080a               ............

080a1cf8 <_ZTV9USBSerial>:
	...
 80a1d00:	0c73 080a 0cd9 080a 0cb1 080a 0935 080a     s...........5...
 80a1d10:	0ca3 080a 0c75 080a 0c85 080a 0cd3 080a     ....u...........
 80a1d20:	0c95 080a 0c6d 080a                         ....m...

080a1d28 <_ZTV11USARTSerial>:
	...
 80a1d30:	0e4d 080a 0eb5 080a 0e91 080a 0935 080a     M...........5...
 80a1d40:	0e61 080a 0e7d 080a 0e6f 080a 0e8b 080a     a...}...o.......
 80a1d50:	0e4f 080a 0e53 080a                         O...S...

080a1d58 <_ZTV7TwoWire>:
	...
 80a1d60:	0eed 080a 0f37 080a 0f0f 080a 0eef 080a     ....7...........
 80a1d70:	0f17 080a 0f1f 080a 0f27 080a 0f2f 080a     ........'.../...

080a1d80 <_ZTVN5spark9WiFiClassE>:
	...
 80a1d88:	100b 080a 1001 080a 0ff7 080a 0f69 080a     ............i...
 80a1d98:	0feb 080a 0fdf 080a 1069 080a 1071 080a     ........i...q...
 80a1da8:	0fd3 080a 0fcb 080a 0fc1 080a 0fb7 080a     ................
 80a1db8:	0f73 080a                                   s...

080a1dbc <_ZTVN5spark12NetworkClassE>:
	...
 80a1dc4:	1029 080a 1033 080a 103d 080a 1047 080a     )...3...=...G...
 80a1dd4:	1051 080a 105d 080a 1069 080a 1071 080a     Q...]...i...q...
 80a1de4:	1079 080a 1085 080a 108d 080a 1097 080a     y...............
 80a1df4:	10a1 080a                                   ....

080a1df8 <_ZSt7nothrow>:
 80a1df8:	5200 4545 544e 6d20 6c61 6f6c 2063 7573     .REENT malloc su
 80a1e08:	6363 6565 6564 0064 6d2f 746e 772f 726f     cceeded./mnt/wor
 80a1e18:	736b 6170 6563 772f 726f 736b 6170 6563     kspace/workspace
 80a1e28:	472f 4343 312d 2d30 6970 6570 696c 656e     /GCC-10-pipeline
 80a1e38:	6a2f 6e65 696b 736e 472d 4343 312d 2d30     /jenkins-GCC-10-
 80a1e48:	6970 6570 696c 656e 342d 5f38 3032 3032     pipeline-48_2020
 80a1e58:	3131 3432 315f 3036 3136 3038 3436 2f31     1124_1606180641/
 80a1e68:	7273 2f63 656e 6c77 6269 6e2f 7765 696c     src/newlib/newli
 80a1e78:	2f62 696c 6362 732f 6474 696c 2f62 6172     b/libc/stdlib/ra
 80a1e88:	646e 632e                                    nd.c.

080a1e8d <link_const_variable_data_end>:
 80a1e8d:	00          	.byte	0x00
	...

080a1e90 <link_constructors_location>:
 80a1e90:	080a0401 	.word	0x080a0401
 80a1e94:	080a07dd 	.word	0x080a07dd
 80a1e98:	080a09c1 	.word	0x080a09c1
 80a1e9c:	080a09d1 	.word	0x080a09d1
 80a1ea0:	080a09ed 	.word	0x080a09ed
 80a1ea4:	080a1015 	.word	0x080a1015
 80a1ea8:	080a10f1 	.word	0x080a10f1
 80a1eac:	080a1261 	.word	0x080a1261
